BatterID,PitcherID,OPS
10000137,10001203,0.776
10000129,10001203,0.927
10000176,10001187,1.241
10000165,10001187,0.829
10000040,10002058,1.223
10000405,10000007,0.849
10000870,10001064,0.786
10000357,10001065,0.907
10000393,10000007,0.68
10000684,10000193,1.063
10000350,10001065,0.757
10000733,10001629,0.82
10000173,10001187,0.685
10001314,10001065,0.796
10000125,10001203,0.826
10000534,10000519,1.269
10000529,10000519,1.1
10000489,10000564,0.85
10001038,10001065,0.622
10000045,10001203,0.624
10000542,10000519,0.682
10000177,10001187,0.509
10000034,10002058,1.556
10001087,10002058,1.2
10000041,10002058,1.4
10005530,10001187,0.891
10001896,10000007,1.143
10001089,10000095,1.175
10000407,10000007,0.551
10000812,10000519,1.25
10000994,10001203,0.977
10001356,10000249,1.154
10000682,10000249,0.732
10001005,10001064,0.717
10000777,10001064,0.652
10001357,10000007,0.611
10000121,10001203,0.611
10000453,10001187,0.707
10000770,10000095,1.333
10000779,10000095,0.944
10000675,10000193,1.319
10000578,10000519,0.819
10000491,10001064,0.777
10002087,10001064,1.278
10001322,10001203,1.317
10000772,10001187,0.819
10001282,10001187,0.749
10000690,10001064,1.338
10001368,10000249,0.725
10002013,10000519,0.583
10000691,10001629,0.571
10000164,10001187,0.354
10001223,10001065,1.1
10000737,10000007,0.666
10000498,10001629,0.666
10000734,10000564,1.262
10000916,10001203,0.833
10000445,10001629,0.833
10000395,10002058,0.583
10000525,10000519,0.666
10000598,10000564,0.555
10000856,10001064,0.444
10000769,10000095,0.7
10006354,10001203,0.7
10001184,10000519,0.473
10000857,10001064,0.812
10000214,10000193,0.432
10000908,10000564,0.421
10000859,10001064,0.21
10001862,10001629,0.5
10000862,10000001,0.334
10001964,10000249,0.286
10000771,10000095,0.286
10000900,10000564,0.25
10000225,10000519,0.347
10000954,10000001,0.444
10000735,10000249,0.166
10000031,10002058,0.496
10000494,10000095,0
10001354,10001187,0.167
10000601,10000249,0.071
10000492,10001629,0
10005384,10000001,0.167
10005377,10001629,0
10000780,10000095,0.333
10006561,10000249,0.182
10001279,10000469,0.635
10001168,10000276,1.733
10001325,10000850,0.739
10000632,10000371,1.091
10001274,10000469,0.757
10005363,10000469,0.894
10000918,10001335,0.642
10000600,10002091,1.77
10001267,10000469,0.565
10000875,10002091,1.1
10001313,10000850,0.496
10000029,10000364,1.667
10000734,10000569,1.671
10000485,10001335,0.8
10000908,10000569,0.955
10000723,10000426,0.785
10000312,10000426,1.015
10000593,10002091,0.708
10000084,10002091,0.513
10001261,10000469,0.484
10005589,10001335,2.067
10000317,10000426,1.143
10001361,10000276,0.875
10000031,10000364,1.069
10001271,10000469,0.6
10000073,10001335,0.764
10000041,10000364,0.9
10000718,10000569,0.9
10000489,10000569,0.793
10001365,10000276,0.774
10000860,10000371,0.461
10000034,10000364,0.9
10000530,10000371,0.833
10000442,10002091,1.166
10006568,10000569,0.929
10000499,10001335,0.762
10000301,10000426,0.661
10006662,10002091,0.444
10004784,10002091,0.967
10001371,10000276,0.697
10001309,10000850,0.438
10001320,10000850,0.327
10001918,10001335,1.133
10001961,10000569,0.334
10003193,10000426,0.334
10001966,10000469,0.347
10000954,10000371,0.25
10000533,10000850,0.346
10000487,10001335,0
10000311,10000426,0.091
10000826,10000850,0
10000590,10002091,0
10000407,10000613,1.103
10000405,10000613,0.7
10000737,10000613,0.59
10000393,10000613,0.682
10001896,10000613,1.131
10000031,10005351,1.611
10000312,10001350,1.122
10000723,10001350,1.471
10000040,10005351,0.977
10000129,10000746,0.782
10000137,10000746,1.11
10000041,10005351,1.625
10000485,10001202,1.155
10001279,10003360,1.136
10000045,10000746,0.953
10000125,10000746,0.838
10001357,10000613,0.334
10001361,10007245,3.125
10001087,10005351,1.125
10003193,10001350,1.208
10005363,10003360,0.733
10000395,10005351,0.666
10001089,10001017,0.749
10000994,10000746,0.9
10000302,10001350,0.9
10000579,10000613,0.929
10000073,10001202,0.804
10000034,10005351,0.925
10000317,10001350,0.473
10000311,10001350,0.75
10000081,10001350,0.334
10000769,10001017,1
10001322,10000746,0.533
10006354,10000746,0.9
10000674,10005351,0.829
10000304,10006438,0.667
10000496,10001202,0.834
10001371,10007245,0.334
10001267,10003360,0.619
10001365,10007245,0.389
10000121,10000746,0.5
10000301,10001350,0.286
10000918,10001202,0.393
10000487,10001202,0.536
10001133,10001350,0.523
10003217,10000613,0.2
10001966,10003360,0
10000499,10001202,0
10000219,10006438,0
10000123,10007245,0
10000312,10001337,1.339
10001090,10000328,1.179
10001094,10000328,1.643
10000771,10000101,1.433
10000129,10001993,1.129
10001085,10000328,0.867
10000769,10000101,0.819
10001132,10007523,1.633
10000311,10001337,1.2
10006056,10000328,0.819
10001088,10007523,1.286
10000780,10000101,0.6
10000770,10000101,1
10001133,10001337,0.75
10000317,10001337,0.466
10001089,10000101,0.423
10000301,10001337,0.666
10000731,10000328,0.833
10000045,10001993,1.083
10001083,10000328,1.205
10000302,10001337,0.775
10006354,10001993,0.833
10000125,10001993,0.856
10000137,10001993,0.648
10006044,10000328,0.75
10000446,10000328,0.55
10000081,10001337,0.597
10000682,10007523,0
10000681,10000328,0.111
10000077,10001345,0.774
10001000,10001154,1.039
10000038,10001345,1.08
10001009,10001154,0.85
10000089,10001345,1.007
10000084,10005311,1.55
10001011,10001154,0.817
10000718,10000786,0.91
10000499,10000113,0.683
10000854,10000113,0.654
10005589,10000113,3.057
10002082,10001345,1.285
10000073,10000113,1.1
10000990,10001154,1.046
10000209,10001150,1
10000485,10000113,0.399
10000311,10000372,1.5
10000219,10005311,1.571
10000304,10005311,1.167
10000137,10000981,0.75
10000317,10000372,1.319
10005445,10001345,1
10006662,10005311,0.733
10000489,10000786,0.764
10000406,10001154,0.664
10005299,10001154,0.5
10000918,10000113,0.72
10000723,10000372,1.417
10000734,10000786,0.833
10000584,10001154,0.786
10000126,10001345,0.625
10000593,10005311,0.856
10000487,10000113,0.7
10000312,10000372,0.585
10005834,10001154,0.573
10000598,10000786,0.49
10000719,10005311,0.334
10000908,10000786,0.334
10000600,10005311,0.667
10001133,10000372,0.333
10001322,10000981,0.222
10000442,10005311,0.384
10000768,10001345,0.5
10001918,10000113,0
10000590,10005311,0
10000137,10000432,0.829
10000870,10001187,0.822
10000442,10000342,0.897
10000859,10001187,1.009
10000081,10000193,1.076
10000312,10000193,0.809
10000304,10000342,1.24
10000311,10000193,0.963
10000689,10000001,1.159
10000317,10000193,1.137
10001133,10000193,0.773
10000129,10000432,0.792
10000125,10000432,0.5
10000593,10000342,1.3
10002054,10001064,1.7
10000600,10000342,2.001
10006662,10000342,0.927
10001043,10000001,0.718
10000214,10000249,0.651
10001314,10000564,1.269
10000681,10002046,1.142
10001185,10000001,1.462
10001179,10000001,0.667
10001322,10000432,0.594
10000857,10001187,0.874
10000357,10000564,1
10001173,10000001,0.956
10000258,10001064,0.717
10000493,10000001,0.917
10001052,10000249,0.376
10001170,10000001,0.594
10003295,10000931,0.666
10001123,10003325,0.833
10005741,10000001,1.089
10005306,10000001,0.5
10002087,10001187,0.523
10000994,10000432,0.464
10000045,10000432,0.266
10000343,10000564,0.967
10000499,10000117,0.533
10001130,10003325,0.453
10000266,10001064,0.334
10000261,10001064,0.334
10000684,10000249,0.286
10000352,10000564,0.971
10000121,10000432,0.429
10000723,10000193,0.25
10000436,10000249,0.25
10001911,10000564,0.347
10000590,10000342,0.182
10000209,10001064,0.182
10000450,10000564,0.166
10000260,10001064,0
10000777,10001187,0.143
10003193,10000193,0
10000350,10000564,0
10000302,10000193,0.167
10000690,10001187,0
10000442,10000335,0.481
10001274,10002091,0.905
10001322,10000469,1.134
10000045,10000469,1.617
10001222,10001065,0.636
10001223,10000569,2.285
10006662,10000335,1.324
10000129,10000469,0.511
10000174,10001065,1.8
10000450,10000569,0.855
10000857,10005315,1.939
10000448,10005232,1.326
10005363,10002091,0.619
10000953,10000805,0.6
10000870,10005315,0.58
10001095,10001065,0.669
10000389,10001065,0.47
10000137,10000469,0.485
10000916,10000469,0.395
10000487,10000095,1.8
10000485,10000095,1.738
10000918,10000095,0.858
10001314,10000569,1
10001216,10005232,0.75
10001123,10001065,0.733
10001911,10000569,0.666
10000209,10001303,1.084
10000350,10000569,0.899
10001038,10000569,0.777
10000121,10000469,0.964
10000314,10005232,0.606
10001271,10002091,0.583
10001267,10002091,0.517
10000593,10000335,0.65
10006212,10000805,1.1
10000491,10005315,0.833
10001261,10002091,0.762
10000352,10000569,0.661
10001279,10002091,1.158
10005235,10005232,1.089
10000771,10000843,0.572
10001129,10001065,0.958
10000859,10005315,0.321
10001088,10002077,0.334
10000955,10000805,0.467
10000125,10000469,0.286
10000600,10000335,0.649
10000496,10000095,0.533
10001089,10000843,0.5
10001139,10001065,0.334
10000084,10000335,0.334
10001130,10001065,0.268
10000219,10000335,0.286
10001966,10002091,0.821
10000854,10000095,0.429
10000994,10000469,0.476
10003232,10000805,0.222
10001010,10001065,0.35
10002005,10000805,0.118
10006561,10002077,0.143
10000590,10000335,0
10002087,10005315,0.5
10005589,10000095,0.333
10001212,10000335,0
10000304,10000335,0.111
10001907,10005232,0.5
10000777,10005315,0.333
10000455,10000519,0.846
10000448,10001350,1.248
10000137,10000850,1.108
10000314,10001350,0.92
10000584,10000276,0.961
10000258,10001353,1.228
10000733,10000193,1.111
10000635,10001350,1
10001085,10000746,0.581
10001319,10001350,0.581
10000539,10000193,0.811
10001090,10000746,0.705
10001009,10000276,0.916
10007200,10001353,1.857
10000731,10000746,1.084
10000446,10000746,0.921
10000125,10000850,0.671
10000439,10000519,0.56
10000266,10001353,1.571
10000859,10001017,0.896
10000440,10000519,0.548
10000129,10000850,0.531
10000675,10006571,1.571
10001011,10000276,1.301
10000723,10005587,1
10000678,10006571,0.858
10000260,10001353,1.319
10000261,10001353,0.733
10006354,10000850,1
10001094,10000746,0.767
10001000,10000276,0.467
10001083,10000746,0.517
10002054,10001353,0.583
10001216,10001350,0.786
10005235,10001350,0.667
10005834,10000276,1.1
10000691,10000193,0.666
10000312,10005587,0.666
10000685,10006571,0.666
10005366,10000746,0.953
10000406,10000276,1
10005299,10000276,0.73
10000770,10001072,1
10001907,10001350,0.804
10000990,10000276,0.715
10000771,10001072,0.73
10000305,10001350,0.65
10000679,10006571,0.875
10000445,10000193,0.495
10000437,10000519,0.473
10000769,10001072,0.705
10000870,10001017,0.432
10000045,10000850,0.523
10001005,10001017,0.614
10000813,10001350,0.404
10000827,10001350,0.25
10002087,10001017,1.133
10001322,10000850,0.367
10001274,10006438,0.453
10005308,10000519,0.834
10001280,10000519,0.542
10000681,10000746,0.286
10005363,10006438,0.282
10000690,10001017,0.35
10000492,10000193,0.143
10000121,10000850,0
10000494,10001072,0.182
10006044,10000746,0
10000137,10000848,0.808
10000129,10000848,1.076
10000870,10000101,0.88
10000125,10000848,0.645
10000045,10000848,0.762
10000357,10000506,0.678
10000859,10000101,0.586
10001322,10000848,0.547
10002013,10000330,1.533
10002087,10000101,1.846
10000312,10002066,1.247
10000407,10000622,0.981
10000350,10000506,0.693
10000529,10000330,0.385
10001223,10000506,1.583
10000343,10000506,0.85
10000525,10000330,0.48
10001313,10001202,1.318
10000491,10000101,0.647
10000405,10000622,0.675
10000777,10000101,0.718
10001279,10001290,0.836
10000542,10000330,0.668
10001947,10002066,1.334
10001309,10001202,1.6
10000857,10000101,0.78
10003208,10000330,0.607
10000393,10000622,0.819
10000450,10000506,0.49
10000533,10001202,1.5
10000311,10002066,0.717
10000081,10002066,0.546
10001133,10002066,0.523
10000723,10002066,0.819
10005363,10001290,0.9
10000578,10000330,0.813
10000352,10000506,0.423
10000121,10000848,0.471
10000534,10000330,0.374
10001274,10001290,1.262
10003193,10002066,1.232
10000856,10000101,0.661
10001267,10001290,0.65
10000317,10002066,0.522
10001911,10000506,0.773
10000916,10000848,0.614
10000530,10003360,0.432
10006354,10000848,0.364
10001357,10000622,0.364
10001320,10001202,0.536
10001314,10000506,0.646
10005299,10007245,0.708
10000632,10003360,0.5
10000812,10000330,0.334
10001000,10007245,0.5
10001009,10007245,0.393
10000579,10000622,0.375
10001261,10001290,0.25
10000826,10001202,0.458
10001325,10001202,0.222
10000344,10000506,0.375
10001966,10001290,0
10000737,10000622,0.143
10001315,10000330,0
10000860,10003360,0
10003328,10001202,0
10000870,10000113,0.858
10001170,10000613,1.028
10000859,10000113,1.515
10000450,10001025,0.865
10000529,10000328,0.819
10000689,10000613,1.538
10000258,10005327,1.009
10000038,10000367,1.009
10000089,10000367,0.844
10001038,10001025,0.833
10001911,10001025,0.671
10000534,10000328,0.539
10000312,10006172,2.278
10000041,10001161,1.615
10000137,10000886,0.823
10000129,10000886,0.651
10001179,10000613,0.722
10000352,10001025,0.842
10000350,10001025,0.879
10000209,10005327,1.833
10007200,10005327,1.142
10005299,10005294,0.9
10000121,10000886,1
10000675,10003322,0.781
10000684,10003322,1.083
10000125,10000886,0.681
10000542,10000328,0.807
10006662,10005337,1.667
10000530,10000970,1.167
10000266,10005327,1.071
10000395,10001161,0.929
10000578,10000328,0.875
10000261,10005327,0.856
10001009,10005294,0.777
10000771,10000291,0.777
10000034,10001161,0.844
10001000,10005294,1.067
10003204,10005294,0.777
10001314,10001025,0.666
10001315,10000328,0.854
10000679,10003322,0.428
10000954,10000970,0.717
10000493,10000613,0.327
10000768,10000367,1.7
10000918,10000842,1.3
10000227,10000970,0.971
10000301,10006172,0.971
10000081,10006172,0.762
10000584,10005294,0.666
10001185,10000613,0.666
10006354,10000886,0.804
10005445,10000367,0.715
10000219,10005337,0.661
10000260,10005327,0.708
10000311,10006172,0.708
10002087,10000113,0.958
10000600,10005337,0.958
10001133,10006172,0.444
10000856,10000113,0.778
10000084,10005337,0.444
10005834,10005294,0.4
10005498,10000970,0.4
10005384,10000970,0.5
10000031,10001161,0.63
10000343,10001025,0.584
10002013,10000328,0.286
10002054,10005327,0.302
10000077,10000367,0.332
10006164,10005879,0.75
10000632,10000970,0.65
10004784,10005337,0.733
10000446,10001993,0.533
10000082,10000113,0.334
10000777,10000113,0.453
10000862,10000970,0.5
10001011,10005294,0.334
10001947,10006172,0.476
10000344,10001025,0.286
10000860,10000970,0.222
10000769,10000291,0.555
10000678,10003322,0.495
10000357,10001025,0.222
10000723,10006172,0.25
10000525,10000328,0.188
10001043,10000613,0.27
10000440,10005879,0.167
10003208,10000328,0.167
10000040,10001161,0.167
10000045,10000886,0.111
10000593,10005337,0.091
10000439,10005879,0
10000590,10005337,0
10006044,10001993,0
10000731,10001154,0.815
10001314,10000189,0.984
10000081,10000986,1.412
10000723,10000986,0.891
10000317,10000986,1.181
10001911,10000189,0.857
10001309,10000931,0.594
10001133,10000986,0.94
10000089,10005835,1.778
10001009,10006353,1.223
10000393,10002098,1.556
10000533,10000931,1.417
10000860,10000981,0.883
10000826,10000931,0.722
10000681,10001154,0.701
10000870,10000117,1.667
10002087,10000117,2.167
10001320,10000931,1.334
10001896,10002098,1.5
10006088,10000189,1.222
10002013,10005311,0.534
10000954,10000981,1.833
10000487,10001031,0.75
10000918,10001031,1
10001038,10000189,0.733
10005445,10005835,1.111
10000534,10005311,1.017
10000450,10000189,1
10001313,10000931,0.969
10000301,10000986,0.637
10000350,10000189,0.813
10000312,10000986,0.491
10001047,10000931,1.167
10001094,10001154,1.7
10000038,10005835,0.9
10000530,10000981,1.7
10000173,10007361,0.833
10000041,10005913,0.833
10000040,10005913,0.666
10000682,10000155,0.572
10000485,10001031,0.873
10000077,10005835,0.904
10000073,10001031,1
10000525,10005311,0.6
10000542,10005311,0.473
10001325,10000931,0.455
10000357,10000189,0.445
10000311,10000986,0.51
10005589,10001031,0.533
10001947,10000986,0.953
10000439,10006183,0.5
10000859,10000117,0.334
10000908,10008667,0.334
10000812,10005311,0.334
10000737,10002098,0.542
10000209,10000694,0.536
10003163,10000155,0.393
10000499,10001031,0.347
10000258,10000694,0.472
10005299,10006353,0.347
10000529,10005311,0.531
10000352,10000189,0.297
10003193,10000986,0.148
10000343,10000189,0.21
10000255,10005835,0.167
10000440,10006183,0
10000734,10008667,0
10005308,10006183,0.333
10001088,10000155,0.125
10000405,10002098,0.167
10001961,10008667,0
10005530,10007361,0.286
10000489,10008667,0.167
10000771,10000432,0.952
10001365,10000066,1.685
10000089,10000426,0.766
10000455,10000335,0.902
10000450,10000977,0.951
10000439,10000335,0.667
10000393,10001629,1.614
10001361,10000066,0.693
10000137,10001064,0.692
10001371,10000066,0.646
10001357,10001629,0.977
10000407,10001629,0.467
10000768,10000426,0.982
10000737,10001629,0.826
10000442,10001335,0.968
10000129,10001064,0.988
10000405,10001629,0.865
10000579,10001629,1.402
10000600,10001335,0.714
10000077,10000426,0.948
10001279,10000564,0.643
10000038,10000426,0.581
10000994,10001064,1.517
10002094,10000066,1.154
10000679,10000805,0.971
10000638,10000066,0.938
10001319,10003284,0.816
10000255,10000426,0.727
10000769,10000432,0.547
10000314,10003284,1.175
10000219,10001335,0.751
10000266,10001187,1.169
10001043,10000371,0.827
10001896,10001629,1.039
10000678,10000805,0.647
10000258,10001187,0.686
10000084,10001335,0.358
10003298,10001250,1.667
10000685,10000805,1.142
10001010,10005234,1.285
10000689,10000371,1.285
10000304,10001335,0.888
10000593,10001335,1.271
10000350,10000977,0.917
10005235,10003284,0.872
10000121,10001064,1.144
10001267,10000564,0.967
10006662,10001335,0.939
10000916,10001064,0.563
10000590,10001335,0.863
10000440,10000335,0.547
10000125,10001064,0.722
10000909,10001250,1.667
10001123,10005234,1.267
10000493,10000371,1.223
10001862,10001250,1.5
10001179,10000371,1.071
10001320,10000095,0.944
10000261,10001187,0.875
10001911,10000977,0.75
10000635,10003284,0.666
10001322,10001064,0.462
10001087,10001243,0.606
10000485,10001154,0.539
10000448,10003284,0.693
10000674,10001243,0.561
10001261,10000564,0.389
10001130,10005234,1.167
10001271,10000564,0.971
10001173,10000371,0.9
10000357,10000977,0.762
10001966,10000564,1.262
10000691,10001250,0.666
10003217,10001629,0.666
10001369,10000066,0.715
10000352,10000977,0.661
10000854,10001154,0.873
10005741,10000371,0.804
10001089,10000432,0.739
10000494,10000432,0.583
10000214,10000805,0.625
10001314,10000977,1.253
10002054,10001187,0.666
10006354,10001064,0.586
10001185,10000371,0.733
10001170,10000371,0.967
10001313,10000095,0.4
10000533,10000095,0.455
10001325,10000095,0.481
10000780,10000432,0.286
10000770,10000432,0.368
10001216,10003284,0.25
10001280,10000335,0.833
10000540,10001243,0.533
10001988,10000426,1.133
10001095,10005234,0.533
10000684,10000805,0.334
10005363,10000564,0.334
10000539,10001250,0.834
10001129,10005234,0.453
10005888,10001629,0.286
10000813,10003284,0.714
10000675,10000805,0.347
10000779,10000432,0.35
10005445,10000426,0.322
10000126,10000426,0.244
10000045,10001064,0.158
10001038,10000977,0.125
10000437,10000335,0.143
10001309,10000095,0
10000209,10001187,0.111
10000733,10001250,0
10001052,10000805,0.167
10005308,10000335,0
10001223,10000977,0.167
10000077,10001350,1.169
10000854,10001203,1.357
10000492,10001157,0.917
10000439,10000342,0.86
10000089,10001350,0.805
10000498,10001157,0.878
10000125,10001303,1.516
10000777,10000249,0.783
10000529,10001065,0.612
10000733,10001157,0.606
10000455,10000342,0.945
10000769,10000469,1.404
10001911,10004421,0.977
10000534,10001065,1
10000045,10001303,0.591
10000129,10001303,0.485
10000911,10000843,0.431
10000485,10001203,0.955
10001279,10000569,1.117
10001089,10000469,1.121
10002094,10000466,0.975
10000525,10001065,0.827
10000445,10001157,0.511
10000038,10001350,0.512
10005307,10000843,1.125
10000123,10000466,1.055
10000691,10001157,0.781
10000859,10000249,0.819
10001371,10000466,0.963
10000954,10000364,0.666
10005384,10000364,0.833
10005363,10000569,0.693
10001365,10000466,1.087
10003298,10001157,0.875
10000826,10001017,0.946
10000352,10004421,0.956
10001361,10000466,0.841
10000870,10000249,0.443
10001000,10000372,1.467
10000768,10001350,0.804
10001325,10001017,1
10001261,10000569,1.071
10002013,10001065,1.429
10001862,10001157,1.207
10000220,10000364,1.125
10000723,10005232,0.819
10000217,10000843,0.875
10000357,10004421,0.733
10000770,10000469,0.967
10002093,10000843,1.122
10001133,10005232,1.111
10000584,10000372,0.666
10000081,10005232,0.6
10006046,10000843,1
10001223,10004421,0.481
10003343,10000466,0.464
10002087,10000249,0.733
10000857,10000249,0.35
10001314,10004421,0.441
10000542,10001065,0.478
10000137,10001303,0.453
10000530,10000364,1.167
10005306,10006824,1.5
10000533,10001017,1.5
10001009,10000372,1.5
10000867,10000249,1.166
10005299,10000372,0.833
10000493,10006824,0.762
10000862,10000364,0.833
10000990,10000372,0.661
10000539,10001157,0.661
10000437,10000342,0.73
10001043,10006824,0.572
10001170,10006824,0.775
10001274,10000569,0.625
10001954,10000843,0.875
10000343,10004421,0.583
10001313,10001017,1.083
10001267,10000569,0.65
10001179,10006824,0.522
10000311,10005232,0.778
10002076,10000843,0.586
10001011,10000372,0.444
10005498,10000364,0.4
10000213,10000843,1
10000909,10001157,0.398
10001182,10000843,0.308
10000353,10000276,0.445
10000440,10000342,0.385
10000491,10000249,0.343
10000994,10001303,0.69
10000856,10000249,0.375
10001271,10000569,1
10001168,10000466,1
10003328,10001017,0.629
10002054,10005315,0.5
10001280,10000342,0.334
10003193,10005232,0.834
10000955,10000276,0.334
10000487,10001203,0.429
10001966,10000569,0.722
10001320,10001017,0.625
10001918,10001203,0.347
10000771,10000469,0.587
10001309,10001017,0.444
10000918,10001203,0.408
10001369,10000466,0.2
10000121,10001303,0.349
10005377,10001157,0.182
10001185,10006824,0.167
10000350,10004421,0
10000317,10005232,0.375
10000499,10001203,0.333
10000301,10005232,0
10000302,10005232,0.167
10000260,10005315,0.333
10005741,10006824,0
10000227,10000364,0.143
10006354,10001303,0.143
10001368,10005848,0.5
10000312,10005232,0.083
10001002,10000193,0.877
10001325,10000101,0.931
10000440,10000330,0.906
10000137,10001290,0.874
10000439,10000330,0.579
10000584,10000193,0.746
10001313,10000101,0.781
10000990,10000193,0.69
10000455,10000330,0.483
10000350,10001353,1.94
10000638,10000622,1.214
10001085,10000506,0.83
10001000,10000193,0.888
10000045,10001290,0.807
10002076,10005587,1.667
10001038,10001353,1.438
10000485,10000746,0.722
10001090,10000506,0.807
10001009,10000193,0.666
10000129,10001290,0.745
10000125,10001290,0.802
10000352,10001353,1.7
10000735,10000519,0.955
10001168,10000622,1.175
10001094,10000506,0.908
10001309,10000101,0.623
10000994,10001290,0.574
10001368,10000519,0.404
10001212,10001202,2.381
10005445,10001333,2
10000077,10001333,1.953
10005498,10005351,1.25
10001989,10005587,1.125
10000213,10005587,1.375
10001170,10003142,1.25
10001280,10000330,1.5
10001088,10000519,1.3
10000682,10000519,0.616
10005589,10000746,1.467
10004784,10001202,2.267
10003208,10001072,1
10000718,10000071,0.858
10000780,10003360,1.301
10000826,10000101,1.786
10001182,10005587,0.944
10000357,10001353,1
10000534,10001072,1.125
10000684,10000807,0.819
10005299,10000193,1.067
10000525,10001072,0.6
10001314,10001353,0.717
10000600,10001202,0.837
10000533,10000101,0.55
10000437,10000330,0.316
10005633,10005587,1.417
10001184,10001072,1.1
10003328,10000101,1.166
10005307,10005587,0.929
10006056,10000506,1.166
10001422,10000622,0.833
10005308,10000330,0.762
10006088,10001353,1
10001185,10003142,0.804
10000089,10001333,0.804
10001223,10001353,0.572
10000731,10000506,0.73
10001361,10000622,0.661
10001083,10000506,0.708
10002013,10001072,0.708
10000214,10000807,0.444
10006354,10001290,0.697
10001179,10003142,0.967
10000854,10000746,0.92
10000679,10000807,0.808
10000529,10001072,0.4
10000918,10000746,0.633
10001089,10003360,0.49
10000446,10000506,0.432
10001320,10000101,0.775
10000590,10001202,0.521
10001132,10000519,0.25
10000084,10001202,0.9
10001365,10000622,0.583
10005384,10005351,0.453
10005480,10000506,0.453
10006164,10000330,0.334
10000911,10005587,0.417
10001052,10000807,0.393
10000496,10000746,0.393
10000771,10003360,0.476
10000542,10001072,0.393
10000601,10000519,0.472
10000769,10003360,0.347
10001011,10000193,0.384
10001911,10001353,0.182
10000770,10003360,0.222
10006007,10000330,0
10000442,10001202,0.3
10000038,10001333,0.143
10000499,10000746,0.333
10000678,10000807,0.333
10000121,10001290,0.125
10000123,10000622,0.167
10000217,10005587,0.5
10001371,10000622,0
10000487,10000746,0.091
10000870,10000153,0.817
10001011,10003212,1.143
10000439,10000328,0.793
10000455,10000328,0.762
10000442,10001025,1.183
10001282,10000886,1.086
10006662,10001025,0.914
10000590,10001025,1.143
10001280,10000328,1.557
10001945,10005327,1.25
10005530,10000886,1.445
10000440,10000328,1.085
10006046,10002066,1.001
10000304,10001025,0.91
10000350,10005327,1.083
10001911,10005327,1.126
10000173,10000886,1.043
10001000,10003212,0.511
10000859,10000153,0.699
10000352,10005327,1.6
10000772,10000886,1.2
10000638,10000367,0.734
10000084,10001025,0.444
10000777,10000153,0.628
10001002,10003212,1.5
10000357,10005327,0.75
10002094,10000367,1.125
10000453,10000886,1.178
10000450,10005327,0.733
10000405,10001337,0.889
10002093,10002066,1
10000406,10003212,0.664
10000177,10000886,1.017
10001009,10003212,0.408
10000219,10001025,0.504
10000771,10005879,1.1
10000780,10005879,1.333
10005834,10003212,1.166
10002076,10002066,1.154
10000584,10003212,0.715
10000737,10001337,0.661
10001371,10000367,0.583
10001354,10000886,0.583
10001223,10005327,0.625
10000911,10002066,0.5
10001314,10005327,0.625
10001038,10005327,0.555
10001954,10002066,0.444
10001365,10000367,0.522
10000217,10002066,0.94
10000165,10000886,0.697
10000393,10001337,0.873
10001361,10000367,0.6
10000491,10000153,0.398
10000600,10001025,0.625
10002087,10000153,0.729
10000407,10001337,0.357
10005299,10003212,0.414
10000990,10003212,0.49
10000176,10000886,0.288
10000344,10005327,0.4
10000770,10005879,0.533
10001168,10000367,0.533
10000769,10005879,0.619
10000856,10000153,0.334
10000213,10002066,0.417
10000437,10000328,0.429
10001182,10002066,0.425
10001005,10000153,0.25
10000857,10000153,0.258
10000719,10001025,0.321
10001896,10001337,0.167
10000593,10001025,0.2
10001089,10005879,0.167
10005751,10000886,0.125
10000123,10000367,0.167
10000718,10000291,1.23
10000854,10000931,0.817
10006662,10000189,0.727
10001005,10000694,1.091
10000073,10000931,0.988
10000442,10000189,1.278
10000137,10000155,0.832
10000875,10000189,0.586
10001087,10005288,1.5
10000177,10000113,1.156
10000737,10001345,1.036
10000487,10000931,0.789
10000734,10000291,0.907
10000600,10000189,0.824
10000485,10000931,0.802
10000129,10000155,0.576
10000031,10005288,0.553
10000772,10000113,1.255
10000598,10000291,1.283
10001282,10000113,0.929
10000176,10000113,0.859
10000040,10005288,0.794
10001911,10001305,0.649
10000125,10000155,0.563
10005306,10006353,1.334
10000685,10006172,1.142
10001971,10000291,1.181
10000450,10001305,0.8
10001945,10001305,0.728
10006354,10000155,0.972
10000350,10001305,0.8
10000590,10000189,0.821
10000496,10000931,0.8
10000499,10000931,1.035
10000045,10000155,0.55
10000777,10000694,2.467
10005661,10000291,1.667
10002087,10000694,1.25
10001314,10001305,0.875
10000723,10005913,0.75
10000918,10000931,0.733
10000489,10000291,1.011
10005384,10002046,0.583
10000034,10005288,0.539
10000691,10003259,0.428
10001322,10000155,0.639
10000352,10001305,0.44
10000165,10000113,0.492
10001185,10006353,1.167
10001361,10005835,1.167
10000405,10001345,1.171
10000733,10003259,1.533
10001896,10001345,1.166
10001966,10000970,1.666
10000862,10002046,1.166
10000492,10003259,0.572
10000407,10001345,1.047
10000445,10003259,0.875
10001038,10001305,0.5
10000682,10003322,0.775
10000954,10002046,0.444
10000029,10005288,0.778
10000859,10000694,0.633
10000121,10000155,0.555
10005589,10000931,0.573
10000870,10000694,0.546
10000041,10005288,0.629
10000395,10005288,0.433
10000453,10000113,0.458
10001918,10000931,0.332
10005597,10006172,0.75
10000539,10003259,0.75
10001170,10006353,0.733
10001261,10000970,1.133
10005530,10000113,1.133
10001368,10003322,0.367
10000916,10000155,0.542
10000530,10002046,0.334
10000579,10001345,0.708
10006088,10001305,0.286
10000312,10005913,0.393
10000690,10000694,0.429
10001223,10001305,0.286
10001133,10005913,0.714
10000908,10000291,0.425
10000164,10000113,0.347
10005498,10002046,0.425
10000081,10005913,0.347
10007148,10000931,0.25
10000393,10001345,0.311
10000173,10000113,0.408
10000084,10000189,0.182
10000719,10000189,0.196
10005363,10000970,0
10000344,10001305,0
10001365,10005835,0
10000343,10001305,0.2
10000593,10000189,0
10001961,10000291,0
10000635,10000001,1.206
10000164,10001191,1.477
10000353,10001187,1.022
10000453,10001191,1.736
10000176,10001191,0.824
10000768,10000247,0.697
10001368,10000184,0.62
10001132,10000184,1.084
10000173,10001191,1.043
10000165,10001191,0.745
10001282,10001191,0.875
10001356,10000184,1.271
10000542,10000564,1.225
10002076,10002098,1.306
10000123,10002058,1.333
10000213,10002098,1.222
10000405,10000426,1.077
10000579,10000426,0.813
10000089,10000247,0.572
10005530,10001191,0.555
10000485,10000060,1.334
10001964,10000184,1
10001989,10002098,1.413
10000077,10000247,1.357
10003343,10002058,1.143
10000499,10000060,1.071
10000534,10000564,0.785
10000772,10001191,0.546
10000735,10000184,0.795
10000407,10000426,1.133
10000177,10001191,0.467
10000529,10000564,0.378
10000214,10000986,1.5
10000911,10002098,0.833
10001182,10002098,0.666
10001354,10001191,0.804
10001988,10000247,0.572
10001319,10000001,0.583
10001168,10002058,0.5
10000682,10000184,0.5
10001279,10000981,0.585
10000525,10000564,0.364
10001049,10000564,0.533
10001954,10002098,0.533
10005307,10002098,1.133
10006046,10002098,0.334
10000496,10000060,0.334
10005235,10000001,0.904
10000393,10000426,0.393
10001216,10000001,0.365
10005589,10000060,0.25
10000737,10000426,0.22
10000314,10000001,0.346
10005751,10001191,0
10000487,10000060,0
10002094,10002058,0.167
10000217,10002098,0.333
10000394,10000247,0.125
10001357,10000426,0
10000305,10000001,0.091
10001966,10000981,0
10000638,10002058,0.231
10001279,10000432,0.552
10000635,10000371,0.953
10000485,10000786,0.783
10000077,10000372,1.292
10000405,10001350,1.5
10000165,10000095,0.921
10000129,10000249,1.162
10000177,10000095,0.814
10000870,10000977,0.867
10000176,10000095,0.931
10000137,10000249,0.656
10000918,10000786,1.446
10006354,10000249,1
10005235,10000371,1.167
10000164,10000095,0.733
10000737,10001350,0.707
10005530,10000095,0.807
10001267,10000432,0.536
10000045,10000249,0.685
10000777,10000977,1.339
10000439,10002077,1.056
10001009,10003284,1.056
10001261,10000432,1.722
10000813,10000371,1
10000217,10000066,0.821
10000173,10000095,0.594
10000271,10000843,1.071
10002093,10000066,1.167
10000406,10003284,1
10000857,10000977,1
10005299,10003284,1.015
10000768,10000372,0.944
10001011,10003284,1.111
10000827,10000371,0.777
10000684,10000843,0.844
10001354,10000095,0.9
10000314,10000371,0.817
10000638,10000364,0.606
10000393,10001350,0.857
10000407,10001350,0.399
10001282,10000095,0.544
10001322,10000249,0.36
10000089,10000372,1.171
10000214,10000843,0.666
10000990,10003284,0.708
10000440,10002077,0.572
10001319,10000371,0.5
10000448,10000371,0.444
10000305,10000371,0.92
10000539,10000805,0.473
10000854,10000786,0.364
10000916,10000249,0.5
10001216,10000371,0.75
10000691,10000805,0.347
10000121,10000249,0.414
10005363,10000432,0.344
10000125,10000249,0.243
10000453,10000095,2
10002094,10000364,1
10001918,10000786,1.133
10000073,10000786,0.334
10000733,10000805,0.334
10005589,10000786,0.667
10000499,10000786,0.334
10001355,10000371,0.286
10000911,10000066,0.286
10000455,10002077,0.222
10001966,10000432,0.334
10000675,10000843,0
10000492,10000805,0
10000487,10000786,0
10000679,10000843,0
10007148,10000786,0
10001182,10000066,0.167
10000859,10000977,0.167
10002076,10000066,0.111
10001319,10000012,0.928
10001216,10000012,1.079
10001094,10000469,1.166
10001090,10000469,0.661
10001085,10000469,0.506
10001918,10001072,0.921
10000499,10001072,1.085
10000448,10000012,1.199
10000073,10001072,0.637
10000485,10001072,0.646
10000635,10000012,0.817
10000312,10006824,1.213
10000496,10001072,0.667
10005589,10001072,0.646
10001083,10000469,0.572
10000731,10000469,0.618
10000165,10001017,1.5
10000827,10000012,1.286
10005480,10000469,0.875
10006056,10000469,0.428
10000487,10001072,0.411
10000173,10001017,0.345
10001009,10005351,1.3
10001282,10001017,0.733
10000723,10006824,0.762
10001907,10000012,0.715
10000681,10000469,0.715
10005235,10000012,1.071
10001133,10006824,0.958
10000317,10006824,0.4
10006044,10000469,0.308
10005530,10001017,1
10005834,10005351,0.733
10000176,10001017,0.334
10000081,10006824,0.334
10000990,10005351,0.786
10001052,10002077,0.722
10005299,10005351,0.625
10001355,10000012,0.22
10007148,10001072,0.277
10000314,10000012,0.142
10000918,10001072,0.222
10000827,10001337,1.036
10000771,10000335,0.966
10001123,10000007,0.685
10000590,10000421,0.904
10001085,10003360,0.949
10001129,10000007,0.63
10000448,10001337,1.266
10001371,10000807,1.155
10001090,10003360,0.949
10001130,10000007,0.857
10001216,10001337,0.511
10000442,10000421,0.618
10000954,10000071,0.789
10001319,10001337,1.19
10001361,10000807,0.83
10000174,10000007,0.5
10000769,10000335,0.545
10001009,10000367,1.394
10000258,10000004,1.736
10000389,10000007,0.609
10000813,10001337,0.611
10000314,10001337,0.652
10000733,10005294,1.546
10001325,10000506,1.091
10000542,10001150,1.167
10000593,10000421,0.785
10001314,10001203,0.604
10000679,10000850,2
10000812,10001150,1.85
10000534,10001150,1.5
10001309,10000506,1.098
10000357,10001203,1
10001000,10000367,0.77
10001892,10000007,0.563
10001365,10000807,0.611
10000529,10001150,0.633
10000780,10000335,0.45
10001089,10000335,0.444
10000600,10000421,0.495
10001369,10000807,1.467
10000601,10001202,1.267
10006662,10000421,1.571
10000909,10005294,1.404
10000225,10001150,1.5
10002094,10000807,0.944
10000584,10000367,1.319
10000862,10000071,1.319
10000719,10000421,0.764
10000312,10003142,0.879
10001313,10000506,1.112
10001133,10003142,1.083
10000084,10000421,0.94
10003509,10000007,0.583
10001095,10000007,0.583
10000305,10001337,0.591
10000731,10003360,0.445
10001094,10003360,0.47
10000770,10000335,0.282
10000311,10003142,2.833
10000352,10001203,1.166
10001368,10001202,0.666
10001911,10001203,1.166
10000343,10001203,0.833
10000209,10000004,1
10000227,10000071,0.804
10000317,10003142,1
10001139,10000007,0.5
10000779,10000335,1.083
10000632,10000071,0.522
10000214,10000850,0.444
10000350,10001203,0.92
10001083,10003360,0.573
10000682,10001202,0.364
10001038,10001203,0.398
10001010,10000007,0.421
10000635,10001337,0.255
10000737,10002066,0.533
10001047,10000506,0.533
10000407,10002066,0.533
10000678,10000850,0.533
10005377,10005294,0.486
10000405,10002066,0.533
10003298,10005294,0.953
10001896,10002066,0.5
10000638,10000807,0.334
10000675,10000850,0.834
10001011,10000367,0.393
10005498,10000071,0.536
10005366,10003360,0.286
10000498,10005294,0.821
10000304,10000421,0.286
10006695,10001337,0.429
10000260,10000004,0.286
10000081,10003142,0.5
10000219,10000421,0.236
10005384,10000071,0.311
10000826,10000506,0.444
10000261,10000004,0.222
10006044,10003360,0.333
10000494,10000335,0.422
10001052,10000850,0.282
10000875,10000421,0.204
10001320,10000506,0.091
10000271,10000850,0
10000266,10000004,0
10000735,10001202,0
10000681,10003360,0.167
10001357,10002066,0.167
10000525,10001150,0
10000990,10000367,0
10000442,10000153,1.154
10000771,10000330,1.071
10000682,10000931,0.88
10000590,10000153,0.897
10000600,10000153,0.793
10001368,10000931,0.666
10000681,10000970,0.842
10000731,10000970,0.756
10000826,10001025,1.171
10000593,10000153,0.939
10001184,10001064,0.838
10000769,10000330,0.79
10000635,10001345,1.308
10000542,10001064,1.143
10000854,10000291,0.975
10000084,10000153,0.804
10000485,10000291,0.684
10001356,10000931,0.53
10000173,10000569,1.725
10001082,10000931,1
10001216,10001345,1.092
10005235,10001345,0.989
10000525,10001064,0.6
10000779,10000330,0.771
10000735,10000931,0.754
10000219,10000153,0.632
10000487,10000291,1.071
10000129,10004421,1.089
10000584,10005835,1.5
10000453,10000569,1
10000137,10004421,1.214
10001282,10000569,1.071
10000304,10000153,0.875
10001132,10000931,0.666
10000031,10001986,0.861
10001000,10005835,0.666
10001089,10000330,0.637
10000040,10001986,0.583
10001911,10001993,0.641
10000780,10000330,0.857
10001319,10001345,0.607
10000638,10003259,0.462
10000352,10001993,0.462
10001361,10003259,0.643
10001369,10003259,0.742
10000827,10001345,0.505
10000314,10001345,0.515
10000601,10000931,0.317
10000176,10000569,0.9
10001047,10001025,1.5
10001945,10001993,0.971
10005299,10005835,0.9
10001896,10006172,0.661
10001325,10001025,0.715
10001357,10006172,1.232
10000357,10001993,0.5
10000305,10001345,1.089
10000395,10001986,0.432
10002094,10003259,0.481
10006662,10000153,0.334
10000350,10001993,0.417
10000494,10000330,0.536
10001365,10003259,0.453
10000813,10001345,0.385
10000534,10001064,0.435
10000448,10001345,0.349
10000529,10001064,0.303
10000125,10004421,1.381
10005300,10005835,1
10000225,10001064,0.75
10001087,10001986,0.829
10001085,10000970,0.486
10000123,10003259,0.834
10001090,10000970,0.286
10000719,10000153,0.679
10000405,10006172,0.472
10002013,10001064,0.722
10000073,10000291,0.582
10001309,10001025,0.333
10001371,10003259,0.385
10001049,10001064,0.111
10000533,10001025,0
10000770,10000330,0
10000918,10000291,0.167
10006354,10004421,0
10001314,10001993,0
10000041,10001986,0.167
10000435,10001986,0.286
10001123,10000613,0.579
10001313,10000848,0.806
10001320,10000848,0.93
10000533,10000848,1.131
10001010,10000613,0.89
10001129,10000613,0.777
10001130,10000613,0.664
10001009,10000184,0.562
10001309,10000848,0.768
10000990,10000184,0.657
10000731,10000981,0.555
10001011,10000184,0.672
10005299,10000184,1.406
10001139,10000613,0.784
10000137,10001353,0.988
10000125,10001353,2.251
10000859,10001303,1.069
10000389,10000613,0.841
10000678,10000001,1.273
10000455,10001191,0.745
10000174,10000613,0.488
10000584,10000184,0.619
10002005,10000986,1.571
10000406,10000184,1.222
10001002,10000184,1.2
10000129,10001353,1.555
10001085,10000981,0.742
10001094,10000981,0.572
10001325,10000848,0.414
10001000,10000184,0.417
10001222,10000613,0.48
10000031,10002046,1.571
10000041,10002046,1.429
10000040,10002046,1
10001052,10000001,1.125
10000681,10000981,0.666
10000684,10000001,0.666
10001083,10000981,0.8
10000442,10000155,0.5
10005834,10000184,0.67
10000870,10001303,0.462
10001005,10001303,1.1
10000491,10001303,0.9
10001926,10000848,0.666
10005366,10000981,1
10000440,10001191,0.958
10001280,10001191,0.75
10000857,10001303,0.444
10000994,10001353,0.856
10000875,10000155,0.7
10006044,10000981,0.523
10000826,10000848,0.368
10001095,10000613,0.462
10000690,10001303,0.334
10001892,10000613,0.334
10006072,10000848,0.334
10006056,10000981,0.5
10000679,10000001,0.904
10002087,10001303,0.347
10001090,10000981,0.21
10006662,10000155,0
10000439,10001191,0
10000045,10001353,0.1
10006354,10001353,0
10003328,10000848,0
10000258,10000432,1.307
10001279,10001065,0.636
10000312,10001161,1.053
10000723,10001161,0.678
10000859,10001290,0.799
10000129,10000328,2.349
10000918,10000519,1.033
10002087,10001290,1.278
10000031,10001031,1.086
10001005,10001290,1.012
10002013,10005327,1.063
10000684,10000371,0.85
10000311,10001161,0.781
10000590,10000250,1.292
10000304,10000250,0.612
10000489,10000895,1.833
10001185,10003206,1.324
10000682,10001154,1.039
10003208,10005327,1
10000690,10001290,1.53
10001325,10000886,0.633
10000214,10000371,0.742
10000870,10001290,0.442
10001050,10000426,0.423
10001271,10001065,0.962
10000600,10000250,0.912
10001313,10000886,0.879
10000854,10000519,0.703
10000542,10005327,0.647
10000777,10001290,0.988
10000040,10001031,0.732
10000442,10000250,0.618
10000959,10000426,0.61
10001320,10000886,0.466
10000735,10001154,0.386
10000350,10000095,1.222
10000353,10000843,1.4
10000955,10000843,0.826
10000302,10001161,0.923
10000125,10000328,1.049
10005363,10001065,0.896
10001170,10003206,1.207
10000953,10000843,0.786
10001309,10000886,0.804
10000485,10000519,0.69
10000301,10001161,0.635
10001052,10000371,0.522
10000771,10001187,0.541
10000857,10001290,0.989
10000769,10001187,0.439
10000317,10001161,0.433
10007148,10000519,1.333
10001947,10001161,1
10000487,10000519,0.788
10000081,10001161,0.717
10000534,10005327,0.873
10000045,10000328,1.017
10002005,10000843,0.583
10000780,10001187,0.725
10001966,10001065,0.718
10006662,10000250,0.599
10001368,10001154,0.553
10000770,10001187,0.767
10000525,10005327,0.65
10000137,10000328,0.388
10001133,10001161,0.526
10000034,10001031,0.463
10000533,10000886,0.422
10001091,10000426,1.5
10001132,10001154,0.762
10001173,10003206,1.666
10000685,10000371,0.666
10001095,10000555,0.666
10000900,10000895,0.833
10000681,10000060,0.833
10006568,10000895,0.929
10003133,10000432,0.572
10000908,10000895,0.583
10000352,10000095,0.708
10000121,10000328,0.65
10001089,10001187,0.778
10003193,10001161,0.522
10000646,10000426,0.773
10000491,10001290,0.573
10000499,10000519,0.481
10000593,10000250,0.564
10002054,10000432,0.25
10000041,10001031,0.404
10000529,10005327,0.182
10001356,10001154,0.75
10001314,10000095,1.071
10005741,10003206,1
10000689,10003206,1.175
10001918,10000519,0.533
10001088,10001154,1.133
10000493,10003206,0.5
10000731,10000060,0.334
10005821,10000519,0.5
10000082,10001290,0.286
10006354,10000328,0.429
10001083,10000060,0.286
10000779,10001187,0.393
10001911,10000095,0.393
10001090,10000060,0.25
10003232,10000843,0.333
10000633,10000426,0.35
10001043,10003206,0.533
10001085,10000060,0.22
10000266,10000432,0.277
10001261,10001065,0.411
10000029,10001031,0.111
10000084,10000250,0.333
10003122,10000426,0.167
10001038,10000095,0.143
10000273,10000432,0.333
10000395,10001031,0.111
10001267,10001065,0.273
10000718,10000895,0
10007200,10000432,0.286
10000875,10000250,0.167
10000826,10000886,0.25
10000994,10000328,0
10001170,10000276,1.102
10001314,10000113,0.822
10000455,10000506,1.09
10000600,10001243,1.112
10000681,10000786,0.903
10000590,10001243,0.986
10000031,10001629,1.088
10000439,10000506,0.89
10000870,10001305,0.788
10000489,10000249,0.826
10000440,10000506,0.909
10001050,10001350,0.864
10000723,10001157,0.69
10002087,10001305,1.714
10000258,10000469,1.167
10000034,10001629,0.985
10000437,10000506,0.614
10000859,10001305,0.667
10001279,10001072,1.206
10001088,10000746,1.083
10000084,10001243,0.813
10001085,10000786,1.132
10001179,10000276,1.064
10000029,10001629,0.77
10000209,10000469,0.812
10001133,10001157,0.933
10000311,10001157,0.8
10000041,10001629,1.157
10000493,10000276,0.921
10000350,10000113,1.049
10000959,10001350,0.338
10000165,10002091,1.285
10000352,10000113,1.667
10005741,10000276,1.5
10000769,10005315,1.75
10005306,10000276,1.355
10000176,10002091,1.508
10000601,10000746,1.098
10001267,10001072,0.732
10005384,10005234,0.534
10000357,10000113,0.627
10000735,10000746,0.6
10001094,10000786,0.778
10001038,10000113,0.75
10000317,10001157,0.599
10001090,10000786,0.327
10001947,10001157,1.467
10001185,10000276,0.819
10000900,10000249,1.111
10000129,10005311,0.833
10005498,10005234,0.666
10000173,10002091,1.2
10006662,10001243,0.702
10000081,10001157,0.793
10000343,10000113,0.77
10001222,10000564,0.481
10001223,10000113,0.428
10000731,10000786,0.553
10000689,10000276,0.717
10003193,10001157,0.733
10000312,10001157,0.697
10005834,10005232,0.9
10000302,10001157,0.833
10000174,10000564,0.833
10006354,10005311,0.666
10005363,10001072,0.873
10000633,10001350,0.873
10004784,10001243,1
10000875,10001243,0.73
10000450,10000113,0.715
10000494,10005315,0.715
10000733,10003284,0.829
10001280,10000506,0.946
10000301,10001157,0.705
10001000,10005232,0.625
10000908,10000249,0.92
10001011,10005232,0.444
10002054,10000469,0.666
10000857,10001305,0.473
10001911,10000113,0.523
10001274,10001072,0.334
10000734,10000249,0.414
10000593,10001243,0.321
10000771,10005315,0.533
10000916,10005311,0.533
10001005,10001305,0.533
10000395,10001629,0.453
10000955,10005587,0.334
10003133,10000469,0.334
10000442,10001243,0.667
10000862,10005234,0.334
10001281,10000249,0.453
10000646,10001350,0.834
10001261,10001072,0.904
10000045,10005311,0.429
10000584,10005232,0.393
10000856,10001305,0.375
10000990,10005232,0.25
10000137,10005311,0.425
10006164,10000506,0.25
10000772,10002091,0.333
10001083,10000786,0.311
10000777,10001305,0.311
10000443,10000506,0.282
10001095,10000564,0.134
10001091,10001350,0.126
10000718,10000249,0
10000690,10001305,0.5
10000125,10005311,0.286
10000453,10002091,0
10005299,10005232,0
10000177,10002091,0
10005530,10002091,0.167
10000491,10001305,0
10006568,10000249,0
10001082,10000746,0
10003122,10001350,0
10001361,10000071,1.44
10001369,10000071,1.5
10001365,10000071,0.985
10000690,10001150,1.712
10001050,10000012,0.924
10000129,10000335,1.125
10001320,10002077,1.313
10001371,10000071,0.85
10000908,10000421,0.631
10000405,10000247,1.834
10000862,10000007,1.482
10000258,10003360,0.888
10000633,10000012,1.444
10001005,10001150,1.055
10001038,10001017,1.1
10001911,10001017,0.8
10001368,10000748,0.708
10001325,10002077,0.944
10005384,10000007,0.706
10000137,10000335,0.45
10000489,10000421,0.435
10000357,10001017,1.667
10000675,10003142,1.4
10000266,10003360,1.238
10000352,10001017,1.444
10001282,10006438,0.75
10001314,10001017,0.777
10000734,10000421,1.178
10000638,10000071,0.697
10001088,10000748,0.517
10000632,10000007,0.61
10000860,10000007,0.548
10001357,10000247,1.417
10000209,10003360,0.9
10000678,10003142,1.3
10002093,10005351,0.9
10000900,10000421,0.666
10005741,10007245,1.166
10000723,10001250,0.666
10001281,10000421,0.833
10000735,10000748,0.775
10000450,10001017,0.583
10000954,10000007,0.875
10000959,10000012,0.444
10000393,10000247,1.111
10000533,10002077,0.455
10001313,10002077,0.829
10000121,10000335,0.308
10000125,10000335,0.388
10000579,10000247,0.415
10000955,10002066,0.833
10002076,10005351,1
10000826,10002077,0.756
10001926,10002077,0.453
10000737,10000247,0.5
10005306,10007245,0.5
10000312,10001250,0.334
10006568,10000421,0.334
10002005,10002066,0.334
10001945,10001017,0.5
10000994,10000335,0.334
10000718,10000421,0.286
10000213,10005351,0.625
10000227,10000007,0.425
10001309,10002077,0.35
10000682,10000748,0.5
10001170,10007245,0.667
10000646,10000012,0.3
10000317,10001250,0
10000045,10000335,0.111
10000350,10001017,0.2
10000081,10001250,0
10002094,10000071,0.167
10001123,10001337,0.816
10000485,10000569,0.865
10001010,10001337,0.929
10000769,10000850,0.85
10000770,10000850,0.813
10000870,10001203,0.609
10001279,10000004,0.991
10006662,10000970,0.829
10000209,10000291,0.584
10000496,10000569,2
10000487,10000569,1
10005498,10000367,1.5
10001129,10001337,0.61
10001130,10001337,0.647
10001089,10000850,0.564
10001357,10000842,1.833
10000312,10000466,1.096
10001223,10000101,1.194
10001911,10000101,1.067
10001038,10000101,1.111
10000045,10000330,0.666
10001918,10000569,0.844
10000690,10001203,1.067
10000857,10001203,1.178
10000777,10001203,0.6
10000389,10001337,0.8
10000352,10000101,0.637
10000350,10000101,0.517
10000219,10000970,0.462
10000137,10000330,0.588
10000530,10000367,1.833
10000393,10000842,1.75
10001896,10000842,1.5
10001222,10001337,0.879
10000405,10000842,1
10001267,10000004,0.666
10000038,10005294,0.666
10000089,10005294,1.166
10000593,10000970,0.833
10000862,10000367,0.666
10002087,10001203,1.214
10000129,10000330,0.661
10000489,10001202,1.015
10001139,10001337,0.786
10000600,10000970,0.444
10000632,10000367,0.633
10000073,10000569,0.5
10000317,10000466,0.573
10000908,10001202,0.473
10000860,10000367,0.364
10005589,10000569,0.584
10001095,10001337,0.421
10000859,10001203,0.205
10000442,10000970,0.25
10001314,10000101,0.352
10001971,10001202,0.75
10005384,10000367,0.533
10003509,10001337,0.533
10000854,10000569,0.334
10003122,10005349,0.834
10001371,10001986,0.334
10000343,10000101,0.5
10000633,10005349,0.5
10003343,10001986,0.334
10000077,10005294,0.5
10003193,10000466,0.834
10000450,10000101,0.417
10000867,10001203,0.5
10000081,10000466,0.334
10000918,10000569,0.393
10000590,10000970,0.793
10000494,10000850,0.286
10000491,10001203,0.714
10000734,10001202,0.472
10007148,10000569,0.614
10000779,10000850,0.333
10000125,10000330,0.311
10001322,10000330,0.273
10000771,10000850,0.237
10000174,10001337,0.237
10000954,10000367,0.354
10000304,10000970,0.336
10000723,10000466,0.167
10000357,10000101,0.167
10000084,10000970,0.286
10000082,10001203,0.167
10000499,10000569,0.105
10005445,10005294,0
10001313,10000153,0.753
10000733,10001025,1.104
10001325,10000153,0.652
10001320,10000153,0.979
10000173,10001064,0.704
10000533,10000153,0.629
10006568,10000931,3.284
10000718,10000931,1.11
10001123,10001345,0.926
10000219,10000981,0.604
10000590,10000981,0.651
10000719,10000981,1.303
10001129,10001345,1.485
10000826,10000153,0.7
10000908,10000931,0.729
10000772,10001064,0.613
10001309,10000153,0.494
10000771,10000848,0.46
10000870,10001993,1.146
10000084,10000981,1.009
10000691,10001025,1.214
10000911,10000342,0.671
10000176,10001064,0.579
10001185,10000807,2.289
10000684,10005288,1.5
10002087,10001993,2
10005661,10000931,1
10000675,10005288,1.555
10000770,10000848,0.643
10000164,10001064,0.69
10000734,10000931,1.222
10006662,10000981,0.689
10000769,10000848,0.669
10005741,10000807,2.238
10000723,10000622,2
10000442,10000981,1.127
10000209,10003325,0.75
10000859,10001993,1.375
10000317,10000622,0.75
10000638,10002046,0.664
10000900,10000931,1
10001010,10001345,0.964
10000600,10000981,0.9
10000453,10001064,0.564
10000875,10000981,0.795
10001139,10001345,0.553
10000689,10000807,0.471
10000165,10001064,0.43
10000448,10005913,1.166
10000217,10000342,0.666
10001279,10005337,0.833
10001038,10000372,1.262
10001089,10000848,0.572
10001170,10000807,0.873
10000779,10000848,1.232
10001987,10001345,0.875
10003298,10001025,0.875
10005751,10001064,0.444
10000857,10001993,0.889
10000489,10000931,0.621
10005384,10005835,0.462
10001130,10001345,0.553
10000177,10001064,0.344
10000862,10005835,0.533
10006072,10000153,0.533
10001261,10005337,0.733
10000540,10003322,1.133
10001216,10005913,0.533
10000445,10001025,0.334
10000679,10005288,0.453
10000678,10005288,0.5
10003328,10000153,0.334
10001354,10001064,0.25
10001966,10005337,0.25
10001043,10000807,0.222
10000304,10000981,0.23
10000357,10000372,0.167
10001281,10000931,0.091
10001271,10005337,0
10005530,10001064,0.133
10000593,10000981,0.1
10005363,10005337,0.125
10000954,10005835,0
10000494,10000848,0.125
10001971,10000931,0.25
10001085,10000519,1.2
10001005,10001154,1.164
10000450,10000193,0.81
10000733,10000189,1.24
10001094,10000519,0.778
10000489,10001335,0.949
10001314,10000193,0.852
10001168,10000250,1.733
10000406,10001353,1.4
10001090,10000519,1.28
10000305,10001161,0.946
10000445,10000189,1.1
10000734,10001335,0.894
10000737,10001031,0.739
10001089,10000886,0.477
10000352,10000193,1.6
10002094,10000250,1.6
10000681,10000519,1.273
10001139,10000426,1.004
10000174,10000426,1.154
10000690,10001154,0.855
10000176,10001303,0.899
10000405,10001031,0.84
10000357,10000193,0.637
10000393,10001031,0.758
10001954,10000328,1
10000584,10001353,1.198
10001911,10000193,0.971
10000689,10003259,0.812
10000691,10000189,0.952
10000908,10001335,0.633
10001325,10000155,0.667
10000040,10000184,0.659
10000533,10000155,0.789
10000590,10000432,0.863
10005741,10003259,3.033
10001185,10003259,2.233
10000859,10001154,1.431
10002054,10001065,1.125
10000213,10000328,0.888
10000534,10000371,1.444
10000089,10003206,0.944
10001088,10001191,1.011
10000812,10000371,1.793
10000955,10000613,0.819
10002005,10000613,1.021
10000769,10000886,1.24
10000177,10001303,0.977
10001130,10000426,0.929
10001309,10000155,1.045
10001184,10000371,0.875
10001223,10000193,0.912
10001129,10000426,0.976
10001083,10000519,1.19
10000954,10002058,0.713
10000343,10000193,0.534
10000492,10000189,0.913
10000350,10000193,0.422
10000031,10000184,0.733
10000165,10001303,0.364
10001371,10000250,0.45
10001010,10000426,0.542
10000442,10000432,0.424
10006007,10006172,1.667
10000266,10001065,1.333
10000990,10001353,1.904
10005235,10001161,1
10000217,10000328,1.314
10001971,10001335,0.929
10002076,10000328,1.286
10000498,10000189,0.708
10005384,10002058,1.069
10000353,10000613,1.069
10003343,10000250,1.069
10000731,10000519,0.844
10000439,10006172,0.889
10000448,10001161,1.067
10000862,10002058,0.844
10000718,10001335,1.033
10000453,10001303,0.664
10000771,10000886,0.697
10000034,10000184,0.606
10000446,10000519,0.571
10001361,10000250,0.435
10005498,10002058,0.694
10001365,10000250,0.367
10000598,10001335,0.532
10000219,10000432,0.413
10000911,10000328,0.971
10003232,10000613,1.166
10000304,10000432,0.833
10000638,10000250,0.833
10000227,10002058,0.833
10001280,10000986,1.166
10005661,10001335,0.666
10001320,10000155,0.661
10005308,10006172,0.857
10000870,10001154,0.572
10005299,10001353,0.661
10000077,10003206,0.708
10000530,10002058,0.583
10000779,10000886,0.583
10001011,10001353,0.705
10000525,10000371,0.958
10000493,10003259,0.495
10000735,10001191,0.444
10000494,10000886,0.533
10001282,10001303,0.633
10000780,10000886,0.364
10000041,10000184,0.334
10001123,10000426,0.667
10000389,10000426,0.462
10000953,10000613,0.421
10000084,10000432,0.343
10001009,10001353,0.266
10001222,10000426,0.524
10000173,10001303,0.49
10000407,10001031,0.552
10000258,10001065,0.41
10000635,10001161,0.358
10000600,10000432,0.624
10000593,10000432,0.235
10000314,10001161,0.145
10000770,10000886,0.75
10003328,10000155,0.533
10006072,10000155,0.367
10006402,10001335,0.733
10001009,10004421,0.533
10000435,10000184,0.533
10005366,10000519,0.334
10007200,10001065,0.334
10000539,10000189,0.542
10002013,10000371,0.334
10001216,10001161,0.619
10001281,10001335,0.453
10000682,10001191,0.453
10005377,10000189,0.334
10006164,10006172,0.334
10000164,10001303,0.542
10000542,10000371,0.453
10000529,10000371,0.429
10001000,10001353,0.286
10000674,10000184,0.25
10000860,10002058,0.625
10000772,10001303,0.311
10000875,10000432,0.2
10001357,10001031,0.258
10006662,10000432,0.237
10001313,10000155,0.349
10001182,10000328,0
10000813,10001161,0
10005530,10001303,0.375
10001355,10001161,0
10000163,10001303,0
10001212,10000432,0
10001319,10001161,0
10001043,10003259,0
10000123,10000250,0
10006044,10000519,0.167
10000395,10000184,0.1
10000129,10001187,0.751
10000137,10001187,0.74
10000173,10001290,1.027
10000533,10000249,0.932
10000911,10000001,1.647
10000733,10003212,0.645
10000125,10001187,1.038
10000448,10001157,1.088
10000994,10001187,1.181
10001313,10000249,0.98
10000077,10000276,0.86
10002076,10000001,1.257
10000045,10001187,0.572
10001320,10000249,0.815
10001325,10000249,0.532
10005307,10000001,1.435
10000350,10001072,1.183
10000450,10001072,1.079
10003298,10003212,1.183
10000635,10001157,0.754
10000492,10003212,0.625
10000314,10001157,0.922
10001964,10000095,1.238
10001280,10000843,1.1
10006354,10001187,1.055
10001185,10000805,0.9
10000870,10000746,1.136
10001088,10000095,1.091
10001319,10001157,0.923
10005530,10001290,0.646
10000498,10003212,0.47
10000689,10000805,0.541
10005377,10003212,0.524
10001282,10001290,0.466
10005306,10000805,1.5
10001038,10001072,1.58
10000446,10005311,1
10000121,10001187,1.117
10000439,10000843,0.8
10000440,10000843,0.637
10000453,10001290,0.944
10000534,10005879,0.879
10001989,10000001,1.024
10000177,10001290,0.694
10000445,10003212,0.485
10000305,10001157,0.431
10001182,10000001,0.589
10000165,10001290,0.476
10000176,10001290,0.387
10000827,10001157,0.9
10001009,10005327,0.9
10001011,10005327,1
10000909,10003212,0.666
10000357,10001072,0.666
10000163,10001290,0.666
10000443,10000843,0.833
10006056,10005311,0.833
10001184,10005879,0.666
10000812,10005879,1.158
10001354,10001290,0.5
10000343,10001072,1
10000525,10005879,0.778
10001356,10000095,0.773
10001170,10000805,0.5
10000529,10005879,0.455
10002093,10000001,0.705
10001322,10001187,0.349
10000352,10001072,0.455
10000859,10000746,0.334
10001216,10001157,0.583
10000164,10001290,0.421
10000691,10003212,0.393
10001954,10000001,0.414
10000455,10000843,0.449
10000317,10002098,0.75
10006072,10000249,1.5
10000312,10002098,1.5
10003208,10005879,0.583
10000081,10002098,0.533
10001133,10002098,0.533
10005834,10005327,0.533
10001368,10000095,0.733
10000311,10002098,0.533
10006561,10000095,0.334
10000437,10000843,0.5
10000576,10003212,0.834
10005299,10005327,0.5
10000601,10000095,0.714
10001043,10000805,0.714
10001179,10000805,0.25
10001911,10001072,0.222
10000542,10005879,0.2
10000213,10000001,0.2
10000493,10000805,0.258
10000772,10001290,0.349
10000217,10000001,0.244
10000406,10005327,0.181
10000768,10000276,0
10000215,10000001,0.111
10002013,10005879,0.333
10001314,10001072,0.286
10001309,10000249,0.125
10000038,10000276,0
10000539,10003212,0
10001907,10001157,0.667
10000258,10000506,0.885
10000635,10001629,1.121
10001088,10000895,1.352
10000266,10000506,0.87
10000953,10000066,0.688
10002054,10000506,0.865
10001216,10001629,1.313
10002005,10000066,0.804
10000077,10005232,0.969
10000314,10001629,0.773
10000455,10000113,0.882
10001094,10000335,0.793
10006044,10000335,1.811
10003133,10000506,2.111
10000031,10001350,0.802
10000089,10005232,0.816
10000038,10005232,0.528
10000305,10001629,1.75
10000638,10005234,1.636
10000041,10001350,1.667
10006124,10000066,1.415
10001989,10006824,1.084
10001047,10000060,1.084
10000261,10000506,0.866
10000440,10000113,0.631
10001085,10000335,0.685
10000955,10000066,0.603
10001354,10005315,1.1
10001954,10006824,1.056
10005307,10006824,1.102
10001267,10001305,1.111
10000407,10003284,1.255
10000260,10000506,1.555
10002094,10005234,1.1
10000040,10001350,1.155
10000601,10000895,0.872
10000173,10005315,0.762
10002013,10006183,0.929
10000405,10003284,0.884
10001322,10000694,1.207
10000534,10006183,1.308
10000176,10005315,0.953
10001280,10000113,0.734
10000826,10000060,0.734
10001319,10001629,0.722
10001132,10000895,0.541
10000994,10000694,0.934
10001043,10005587,1.867
10000737,10003284,1.667
10001966,10001305,1.792
10000990,10001250,1
10000123,10005234,1.238
10001168,10005234,1.5
10000126,10005232,0.858
10001320,10000060,1.071
10000121,10000694,0.875
10001365,10005234,1.056
10005363,10001305,0.777
10000213,10006824,0.666
10005530,10005315,0.697
10002076,10006824,0.7
10001368,10000895,0.717
10000525,10006183,0.6
10000674,10001350,0.84
10000529,10006183,0.819
10000273,10000506,0.667
10005445,10005232,0.583
10006662,10002077,0.5
10000442,10002077,0.891
10000393,10003284,0.906
10001090,10000335,0.568
10001279,10001305,0.653
10003232,10000066,0.542
10000446,10000335,0.435
10000317,10000748,0.9
10001271,10001305,1.1
10000590,10002077,0.666
10006046,10006824,0.572
10001896,10003284,0.875
10000813,10001629,1.333
10000129,10000694,1
10000493,10005587,0.625
10000082,10000694,0.708
10000034,10001350,0.666
10000542,10006183,0.633
10000395,10001350,0.666
10000768,10005232,0.44
10001309,10000060,0.546
10006927,10000066,0.498
10000165,10005315,0.464
10000439,10000113,0.333
10001083,10000335,0.466
10003208,10006183,0.533
10003163,10000895,1.229
10001082,10000895,0.967
10000996,10000066,0.5
10000812,10006183,0.334
10001050,10001243,0.453
10005366,10000335,0.953
10006354,10000694,0.334
10001091,10001243,0.786
10005235,10001629,0.536
10001185,10005587,0.429
10000125,10000694,0.904
10001361,10005234,0.425
10000731,10000335,0.25
10000084,10002077,0.5
10000177,10005315,0.422
10001357,10003284,0.211
10000681,10000335,0.311
10000137,10000694,0.182
10000682,10000895,0.322
10006056,10000335,0.142
10000217,10006824,0.142
10000045,10000694,0
10003343,10005234,0.125
10001371,10005234,0.1
10001313,10000060,0.143
10000353,10000066,0.25
10000777,10000555,0
10000735,10000895,0
10001282,10005315,0
10000437,10000113,0.083
10000539,10000247,0.736
10000137,10000977,0.968
10001085,10000330,1.093
10000038,10006571,1.159
10002005,10000466,0.866
10001320,10000786,0.891
10001325,10000786,1.462
10001123,10000071,0.793
10000638,10000007,0.803
10001094,10000330,1.03
10001038,10000291,1.224
10001130,10000071,1.338
10000953,10000466,1.162
10000350,10000291,0.572
10000731,10000330,1.167
10001047,10000786,0.834
10000601,10000421,0.667
10000955,10000466,0.823
10001088,10000421,0.427
10001173,10002066,1.5
10003122,10001986,1.375
10000600,10000850,0.9
10001365,10000007,1.055
10006354,10000977,1.144
10001356,10000421,1.144
10006056,10000330,0.968
10000492,10000247,0.774
10001371,10000007,0.923
10001279,10001150,0.786
10000129,10000977,0.62
10000826,10000786,0.857
10000445,10000247,0.529
10000357,10000291,0.762
10000219,10000850,0.555
10001129,10000071,0.566
10000045,10000977,0.717
10001010,10000071,0.564
10000533,10000786,0.382
10000959,10001986,2.083
10000126,10006571,1.467
10003193,10001203,2.167
10000395,10000012,1.167
10005306,10002066,1.167
10000389,10000071,1.071
10005741,10002066,1.429
10001170,10002066,1.458
10001309,10000786,0.889
10001280,10001017,0.664
10000352,10000291,0.964
10001322,10000977,0.664
10001091,10001986,1.064
10000125,10000977,0.819
10001911,10000291,0.607
10000590,10000850,0.65
10000089,10006571,0.9
10001357,10000096,0.671
10000860,10000520,0.462
10000682,10000421,0.481
10001313,10000786,0.714
10001090,10000330,0.673
10000442,10000850,0.634
10001132,10000421,0.433
10000733,10000247,0.316
10001133,10001203,1.1
10000304,10000850,1.5
10000689,10002066,1.1
10006044,10000330,1.571
10000646,10001986,1.223
10002093,10003142,1.166
10000393,10000096,0.929
10001892,10000071,0.666
10000681,10000330,0.73
10001361,10000007,0.715
10002076,10003142,0.832
10002082,10006571,1
10000723,10001203,1.089
10001185,10002066,1.205
10000455,10001017,0.958
10000870,10000564,0.705
10000084,10000850,0.555
10003232,10000466,0.522
10001314,10000291,0.933
10001095,10000071,0.5
10006662,10000850,0.455
10001368,10000421,0.607
10000346,10000247,0.343
10003509,10000071,0.333
10000530,10000520,0.411
10000916,10000977,0.25
10001966,10001150,1.5
10000031,10000012,0.875
10000439,10001017,0.75
10000768,10006571,0.533
10000435,10000012,0.629
10005308,10001017,0.933
10000679,10005351,0.533
10000174,10000071,0.533
10000213,10003142,0.5
10006561,10000421,0.708
10000081,10001203,0.334
10000777,10000564,0.786
10000493,10002066,0.542
10001083,10000330,0.334
10000353,10000466,1.067
10005307,10003142,0.542
10000312,10001203,0.334
10001862,10000247,0.286
10003328,10000786,0.286
10005445,10006571,0.268
10000540,10000012,0.25
10006124,10000466,0.722
10000029,10000012,0.375
10000593,10000850,0.626
10001222,10000071,0.222
10000911,10003142,0.384
10000446,10000330,0.273
10000077,10006571,0.464
10000674,10000012,0.231
10003298,10000247,0.142
10000735,10000421,0.127
10000317,10001203,0.167
10001954,10003142,0
10000121,10000977,0.143
10000498,10000247,0.231
10005377,10000247,0.1
10000217,10003142,0.182
10001182,10003142,0.111
10001947,10001203,0.167
10000311,10001203,0.167
10006212,10000466,0.083
10000082,10000977,0.111
10000344,10000291,0.182
10003163,10000421,0.154
10001368,10000153,0.823
10001088,10000153,1.052
10000529,10000567,0.859
10000442,10000848,0.716
10000031,10001337,1.376
10001085,10000342,1.435
10000258,10001025,1.223
10000038,10003322,0.857
10000176,10001186,1.008
10000525,10000567,0.714
10000089,10003322,0.859
10001090,10000342,1
10000542,10000567,0.875
10001139,10005288,2
10000772,10001186,1.112
10003122,10002046,0.786
10000034,10001337,0.928
10001132,10000153,0.626
10000600,10000848,1.234
10001123,10005288,0.686
10002054,10001025,0.77
10001091,10002046,0.826
10000953,10000622,1
10000173,10001186,0.872
10001282,10001186,1.346
10001129,10005288,0.977
10000041,10001337,0.708
10000260,10001025,0.939
10001354,10001186,0.643
10000633,10002046,0.76
10003208,10000567,0.8
10000353,10000622,0.852
10000590,10000848,0.707
10000077,10003322,0.461
10001964,10000153,0.538
10000682,10000153,0.546
10005308,10000101,1.867
10003232,10000622,1.167
10001267,10001064,1.333
10006164,10000101,1
10000691,10000372,0.858
10002013,10000567,1
10006208,10000622,1.214
10005299,10005913,0.929
10006212,10000622,0.858
10000860,10000807,0.944
10001274,10001064,0.75
10001261,10001064,1.25
10000854,10000004,1.694
10000029,10001337,0.944
10005363,10001064,0.75
10000304,10000848,0.819
10005445,10003322,1.444
10001050,10002046,0.733
10000735,10000153,1.111
10001946,10000153,0.7
10000601,10000153,0.697
10000084,10000848,0.637
10001010,10005288,1.091
10001094,10000342,0.808
10000439,10000101,0.717
10000165,10001186,0.591
10000266,10001025,0.457
10000875,10000848,0.297
10000530,10000807,0.9
10005751,10001186,0.833
10000492,10000372,0.762
10001009,10005913,0.762
10000487,10000004,0.833
10001000,10005913,0.666
10006124,10000622,0.661
10000395,10001337,0.729
10000453,10001186,0.661
10000733,10000372,0.583
10000768,10003322,0.625
10000954,10000807,0.5
10007200,10001025,0.583
10000731,10000342,0.555
10002005,10000622,0.75
10000646,10002046,0.444
10000437,10000101,0.473
10000918,10000004,0.5
10000214,10000367,0.4
10006662,10000848,0.705
10005530,10001186,0.417
10000440,10000101,0.445
10000674,10001337,0.302
10000177,10001186,0.302
10000534,10000567,0.269
10001222,10005288,0.834
10005366,10000342,0.334
10000675,10000367,0.334
10001212,10000848,0.334
10000389,10005288,0.834
10003298,10000372,0.834
10003133,10001025,0.393
10000997,10005288,0.286
10001280,10000101,0.476
10001082,10000153,0.325
10000593,10000848,0.472
10001049,10000567,0.311
10000955,10000622,0.258
10001130,10005288,0.297
10001356,10000153,0.154
10000209,10001025,0.2
10000455,10000101,0.216
10000261,10001025,0.111
10003192,10002046,0
10001011,10005913,0
10001083,10000342,0
10000040,10001337,0
10001279,10001064,0
10000225,10000567,0
10000485,10000886,0.753
10000173,10000189,1.16
10000690,10000981,1.167
10000633,10000613,0.874
10001309,10001154,1.262
10000953,10000202,1.099
10000682,10001353,0.479
10006124,10000202,2.215
10000031,10005290,1.286
10001047,10001154,0.95
10000312,10000371,1.177
10003122,10000613,1.222
10000959,10000613,0.695
10001050,10000613,0.538
10002013,10000155,1.833
10000165,10000189,1.3
10002005,10000202,1.25
10000352,10000931,0.829
10000040,10005290,1
10000646,10000613,1.242
10000860,10000250,0.991
10000772,10000189,0.633
10000499,10000886,0.741
10001314,10000931,0.835
10000029,10005290,1.834
10000494,10001303,1.428
10000733,10003206,1.546
10001282,10000189,1.546
10000405,10000193,1.167
10006927,10000202,1.162
10000675,10000184,1.091
10001357,10000193,0.916
10000530,10000250,0.976
10000350,10000931,0.946
10000854,10000886,0.922
10001911,10000931,0.78
10000450,10000931,0.5
10000533,10001154,3.083
10001371,10000986,1
10000542,10000155,1.029
10001271,10000328,1
10000453,10000189,1.275
10001000,10001345,0.666
10000041,10005290,1.4
10000393,10000193,1.033
10001052,10000184,0.546
10001279,10000328,0.581
10000870,10000981,0.793
10000862,10000250,0.637
10000034,10005290,0.637
10000445,10003206,0.667
10000955,10000202,0.528
10001091,10000613,0.778
10000073,10000886,0.44
10000780,10001303,1.167
10000996,10000202,1.3
10006212,10000202,0.733
10002076,10005835,1.3
10000492,10003206,1.025
10001168,10000986,0.666
10001133,10000371,1.333
10003343,10000986,0.666
10001947,10000371,0.833
10001954,10005835,0.666
10001989,10005835,0.666
10001002,10001345,0.762
10000678,10000184,0.666
10001011,10001345,0.661
10005834,10001345,0.572
10000177,10000189,1.089
10000529,10000155,0.864
10001365,10000986,0.708
10000164,10000189,0.5
10007148,10000886,0.75
10000534,10000155,1.083
10000857,10000981,0.65
10005530,10000189,0.422
10002094,10000986,0.555
10003232,10000202,0.5
10000777,10000981,0.785
10000737,10000193,0.364
10000859,10000981,0.421
10000579,10000193,0.651
10000407,10000193,0.5
10001918,10000886,0.358
10005589,10000886,0.875
10000301,10000371,0.75
10000691,10003206,0.533
10000911,10005835,0.733
10001267,10000328,0.733
10000123,10000986,0.533
10005299,10001345,0.953
10000081,10000371,0.81
10005751,10000189,0.834
10000684,10000184,0.334
10000770,10001303,0.834
10001896,10000193,0.542
10000826,10001154,1.11
10000344,10000931,0.411
10000227,10000250,0.429
10002126,10000250,0.543
10000918,10000886,0.393
10001038,10000931,0.393
10001087,10005290,0.286
10000679,10000184,0.429
10000311,10000371,0.536
10000771,10001303,0.472
10000525,10000155,0.8
10001223,10000931,0.542
10000723,10000371,0.311
10001009,10001345,0.644
10001088,10001353,0.166
10005384,10000250,0.166
10005498,10000250,0.237
10001089,10001303,0.258
10000769,10001303,0
10000213,10005835,0
10000176,10000189,0
10000217,10005835,0
10000353,10000202,0.25
10000735,10001353,0.188
10005363,10000328,0.111
10005307,10005835,0.333
10002087,10000981,0.286
10000498,10003206,0.125
10000529,10000249,0.781
10000733,10000276,1.069
10000525,10000249,0.646
10000542,10000249,0.581
10000350,10001335,0.903
10000450,10001335,0.812
10000489,10001065,0.712
10000908,10001065,1.068
10000357,10001335,0.898
10000870,10000432,0.691
10001089,10001290,1.348
10001129,10001031,1.043
10000534,10000249,0.762
10000600,10001191,1.6
10000077,10000805,1.4
10000590,10001191,1.2
10000771,10001290,0.82
10001130,10001031,0.518
10000533,10000746,0.859
10001313,10000746,1.842
10000089,10000805,0.905
10000442,10001191,0.804
10000393,10003212,0.85
10001314,10001335,0.55
10001280,10001187,1.4
10000352,10001335,0.929
10000770,10001290,1.214
10000859,10000432,0.984
10000405,10003212,0.95
10001911,10001335,0.774
10001123,10001031,0.823
10000407,10003212,0.786
10000439,10001187,0.736
10000769,10001290,0.59
10002013,10000249,0.625
10000598,10001065,0.436
10000681,10005337,1.667
10000955,10005349,1.181
10001094,10005337,2.225
10001862,10000276,1.555
10000780,10001290,1.617
10001325,10000746,1.318
10000312,10000001,1.079
10000174,10001031,0.666
10000440,10001187,0.665
10001009,10000426,0.588
10003208,10000249,0.523
10003163,10004421,1.167
10001168,10006172,2
10006044,10005337,1.125
10001170,10000519,1.334
10005716,10003212,2
10000389,10001031,1.214
10000301,10000001,1
10001085,10005337,1.296
10000539,10000276,1.069
10000084,10001191,1.194
10001090,10005337,1.067
10000219,10001191,1.333
10000691,10000276,0.944
10000038,10000805,0.606
10000737,10003212,0.5
10001320,10000746,0.641
10001222,10001031,0.462
10001038,10001335,0.718
10005377,10000276,0.517
10003298,10000276,0.748
10001010,10001031,0.742
10000317,10000001,0.5
10000343,10001335,0.696
10001005,10000432,0.768
10001139,10001031,0.564
10000875,10001191,0.489
10000455,10001187,0.3
10002093,10002058,1.3
10000675,10005787,1.1
10001095,10001031,0.971
10000258,10001161,0.666
10002005,10005349,0.666
10001179,10000519,1.166
10001961,10001065,1.096
10000684,10005787,0.666
10000638,10006172,0.715
10000953,10005349,1.286
10001267,10005311,1
10000723,10000001,0.572
10005445,10000805,1
10005834,10000426,0.833
10000731,10005337,0.583
10002094,10006172,0.708
10006402,10001065,0.708
10000593,10001191,0.708
10000719,10001191,0.555
10001133,10000001,0.633
10001000,10000426,0.5
10000857,10000432,0.4
10006088,10001335,0.833
10000209,10001161,0.75
10000492,10000276,0.599
10000311,10000001,0.698
10001357,10003212,0.617
10000990,10000426,0.357
10000493,10000519,0.412
10001309,10000746,0.75
10000735,10004421,0.533
10001182,10002058,0.933
10002076,10002058,0.533
10001279,10005311,0.733
10000584,10000426,0.334
10003217,10003212,0.334
10001954,10002058,0.334
10000217,10002058,0.834
10000997,10001031,0.453
10001047,10000746,0.334
10000437,10001187,0.542
10003193,10000001,0.334
10001365,10006172,0.821
10001315,10000249,0.286
10000498,10000276,0.489
10001049,10000249,0.347
10000690,10000432,0.722
10000779,10001290,0.347
10000225,10000249,0.55
10000718,10001065,0.182
10001281,10001065,0.237
10001011,10000426,0.357
10000900,10001065,0.278
10000777,10000432,0.167
10000734,10001065,0.206
10005363,10005311,0.333
10002087,10000432,0
10000494,10001290,0
10006662,10001191,0.167
10000768,10000805,0
10005661,10001065,0.222
10001896,10003212,0.125
10000123,10000843,1.165
10001123,10001629,1.057
10001911,10001202,1.461
10003509,10001629,1.063
10000530,10001243,1.134
10001130,10001629,1.004
10001314,10001202,1.314
10001009,10001350,1.032
10000176,10000506,2.4
10005377,10007245,1.182
10001010,10001629,1.667
10000718,10001072,1.269
10005363,10000335,1.267
10000638,10000843,1
10000450,10001202,0.684
10000174,10001629,0.709
10000389,10001629,1.556
10001365,10000843,1.455
10001918,10002077,1.48
10007148,10002077,1.085
10001216,10002098,0.829
10000350,10001202,1.043
10000918,10002077,0.853
10000859,10000469,0.524
10001085,10000602,0.619
10001089,10001305,0.606
10000453,10000506,0.739
10000600,10000095,2.547
10000860,10001243,1.181
10000813,10002098,0.888
10000217,10000364,1.222
10001281,10001072,1.1
10002005,10003284,1.098
10001090,10000602,0.728
10000771,10001305,0.872
10000684,10005232,0.75
10000312,10000151,1
10000357,10001202,0.746
10000953,10003284,0.875
10000485,10002077,0.534
10000955,10003284,0.734
10001139,10001629,0.688
10000489,10001072,0.5
10000996,10003284,1.167
10003312,10003284,1.071
10000856,10000469,1.333
10001011,10001350,1.238
10000681,10000602,1
10000525,10000895,0.873
10000529,10000895,1.143
10000590,10000095,1.429
10001168,10000843,1.5
10000129,10000555,1.458
10000685,10005232,0.819
10000173,10000506,1.319
10000690,10000469,1.5
10000916,10000555,1
10002076,10000364,1.194
10003298,10007245,0.844
10000406,10001350,0.956
10000177,10000506,0.9
10000343,10001202,1
10002087,10000469,0.917
10001271,10000335,0.9
10000045,10000555,0.9
10000601,10005327,0.546
10001129,10001629,0.771
10000165,10000506,0.75
10000908,10001072,0.917
10000769,10001305,0.539
10000772,10000506,0.462
10001095,10001629,1.417
10000875,10000095,1.167
10001989,10000364,1.1
10003208,10000895,0.9
10000225,10000895,1
10000691,10007245,1.333
10000780,10001305,1.166
10001184,10000895,0.762
10000731,10000602,0.666
10000346,10007245,0.666
10002094,10000843,0.666
10000317,10000151,0.661
10000770,10001305,0.857
10006662,10000095,1
10005472,10005232,0.583
10000302,10000151,0.708
10005307,10000364,0.708
10000498,10007245,0.444
10000137,10000555,0.444
10001000,10001350,0.473
10001222,10001629,0.808
10000487,10002077,0.763
10000734,10001072,0.75
10001052,10005232,0.334
10000679,10005232,0.564
10000678,10005232,0.368
10000675,10005232,0.343
10001094,10000602,0.721
10000777,10000469,0.49
10001964,10005327,0.533
10001322,10000555,0.629
10000542,10000895,0.533
10006927,10003284,1.133
10001971,10001072,0.733
10000990,10001350,1.133
10001223,10001202,0.6
10000779,10001305,0.5
10000492,10007245,0.334
10000534,10000895,0.334
10000081,10000151,0.334
10000314,10002098,0.5
10000854,10002077,0.619
10000455,10005315,0.334
10000442,10000095,0.286
10002013,10000895,0.365
10001966,10000335,0.904
10005589,10002077,0.393
10000448,10002098,0.472
10000213,10000364,0.347
10001005,10000469,0.347
10005299,10001350,0.55
10001954,10000364,0.625
10001892,10001629,0.311
10001133,10000151,0.555
10001319,10002098,0.222
10000733,10007245,0.555
10001279,10000335,0.222
10000445,10007245,0.35
10001088,10005327,0.45
10000584,10001350,0.377
10000209,10001157,0.182
10000857,10000469,0.166
10000870,10000469,0.154
10000499,10002077,0.331
10001907,10002098,0
10001371,10000843,0.167
10000439,10005315,0
10000593,10000095,0
10005235,10002098,0.333
10006568,10001072,0.143
10001002,10001350,0.167
10005661,10001072,0
10000827,10002098,0.091
10005834,10001350,0
10001354,10000506,0
10006124,10003284,0.167
10001368,10005327,0.143
10000305,10002098,0.167
10000494,10001305,0.25
10006354,10000555,0
10000812,10000895,0.286
10000311,10000151,0.222
10001279,10000421,0.856
10000768,10000520,0.613
10001216,10000066,0.769
10000442,10000113,0.98
10000089,10000520,0.819
10000859,10003360,1.067
10001094,10002091,1.431
10000529,10000694,0.889
10001355,10000066,1.016
10000314,10000066,0.731
10000534,10000694,1.208
10000812,10000694,1.206
10000826,10000330,1.429
10000499,10000850,1.041
10001918,10000850,0.85
10000485,10000850,0.696
10000635,10000066,0.75
10001319,10000066,0.603
10001089,10006183,2.833
10000219,10000113,1.333
10001011,10000012,1.077
10001267,10000421,0.786
10000173,10000060,1.141
10006044,10002091,0.8
10005480,10002091,0.753
10001184,10000694,0.5
10001313,10000330,1.722
10000542,10000694,0.813
10000600,10000113,0.912
10000590,10000113,0.625
10005235,10000066,0.69
10000870,10003360,0.5
10000827,10000066,0.382
10001085,10002091,0.432
10000448,10000066,0.382
10001271,10000421,1.404
10000126,10000520,1.5
10003208,10000694,0.858
10000084,10000113,1.375
10000439,10006766,1.125
10007148,10000850,0.944
10001274,10000421,0.75
10001911,10001150,1.194
10000593,10000113,1.317
10000352,10001150,0.777
10002013,10000694,0.633
10002087,10003360,0.94
10001261,10000421,0.795
10000731,10002091,0.481
10000525,10000694,0.956
10000305,10000066,0.634
10000813,10000066,0.536
10000533,10000330,0.515
10001090,10002091,0.465
10003133,10001203,1.1
10005308,10006766,1.3
10000681,10002091,0.833
10005366,10002091,0.929
10005834,10000012,0.666
10000165,10000060,1.096
10000443,10006766,0.715
10006662,10000113,1.232
10001223,10001150,0.804
10000489,10000556,0.661
10005299,10000012,1.083
10001083,10002091,0.92
10005589,10000850,0.92
10001314,10001150,0.55
10000258,10001203,0.533
10001325,10000330,0.564
10000487,10000850,0.308
10000918,10000850,0.539
10000690,10003360,1.334
10001280,10006766,0.75
10000209,10001203,0.453
10000266,10001203,0.334
10000854,10000850,0.453
10001168,10002066,0.667
10000440,10006766,0.334
10001971,10000556,0.334
10001309,10000330,0.834
10000718,10000556,0.834
10000255,10000520,0.821
10001320,10000330,0.347
10001009,10000012,0.375
10000177,10000060,0.347
10000777,10003360,0.2
10000875,10000113,0.45
10000225,10000694,0.595
10000584,10000012,0.188
10001212,10000113,0
10002054,10001203,0.167
10000450,10001150,0
10006164,10006766,0
10000857,10003360,0.2
10000990,10000012,0
10006695,10000066,0
10001000,10000012,0
10001314,10000848,0.667
10001279,10000153,0.736
10001090,10000564,0.59
10006662,10000291,1.14
10000450,10000848,0.375
10001130,10000466,1.763
10000084,10000291,1
10000219,10000291,0.858
10000455,10001025,0.818
10001085,10000564,0.762
10000955,10001337,0.689
10000542,10000977,0.686
10001009,10003142,1.42
10001911,10000848,1.034
10001083,10000564,1.583
10000681,10000564,1.039
10001129,10000466,1.467
10001184,10000977,0.742
10001357,10000807,0.914
10000735,10001064,0.711
10001371,10006571,2
10001132,10001064,1.255
10000389,10000466,1.167
10000034,10000970,1.25
10000737,10000807,0.879
10000590,10000291,0.885
10000352,10000848,0.829
10000493,10000247,1.143
10000734,10001017,0.933
10000304,10000291,0.751
10000266,10001993,0.938
10000529,10000977,0.584
10001094,10000564,0.611
10000405,10000807,1.881
10000769,10005848,3.167
10001010,10000466,0.99
10000600,10000291,1.167
10000040,10000970,1.278
10001123,10000466,1.555
10000440,10001025,0.872
10000525,10000977,1.096
10005363,10000153,1
10000453,10000786,1
10001282,10000786,1
10002005,10001337,0.551
10001043,10000247,1.167
10001005,10000342,0.75
10000598,10001017,1.455
10000718,10001017,0.899
10005299,10003142,0.964
10000489,10001017,0.697
10001000,10003142,0.517
10000258,10001993,0.733
10000870,10000342,0.548
10000041,10000970,0.501
10000439,10001025,0.466
10000350,10000848,0.554
10000534,10000977,0.411
10001267,10000153,1
10005741,10000247,1.571
10000393,10000807,0.762
10001369,10006571,1
10001216,10005351,1.166
10000448,10005351,1.166
10002094,10006571,1.333
10001168,10006571,0.929
10000344,10000848,0.762
10001356,10001064,0.666
10000857,10000342,1.232
10001088,10001064,0.5
10000911,10001250,0.5
10000437,10001025,0.5
10005834,10003142,0.75
10003208,10000977,0.75
10000990,10003142,0.985
10001185,10000247,0.778
10000353,10001337,0.657
10000674,10000970,0.4
10007200,10001993,0.523
10002013,10000977,0.584
10000601,10001064,0.652
10000031,10000970,0.329
10000225,10000977,0.404
10003232,10001337,0.44
10001223,10000848,0.249
10000908,10001017,0.533
10000679,10005294,0.629
10005661,10001017,0.533
10000305,10005351,0.5
10000314,10005351,0.334
10001179,10000247,0.542
10001271,10000153,0.334
10001966,10000153,0.619
10001222,10000466,0.334
10000540,10000970,0.286
10000261,10001993,0.625
10000875,10000291,0.361
10001139,10000466,0.5
10001170,10000247,0.422
10000777,10000342,0.222
10000584,10003142,0.311
10000029,10000970,0.222
10000578,10000977,0.331
10003133,10001993,0.3
10000343,10000848,0.531
10001971,10001017,0.182
10000395,10000970,0.258
10000260,10001993,0.166
10001011,10003142,0.297
10000357,10000848,0.134
10002054,10001993,0.126
10000953,10001337,0.139
10005235,10005351,0
10001261,10000153,0
10001049,10000977,0.111
10006124,10001337,0.167
10000812,10000977,0.143
10001212,10000291,0.125
10000772,10000786,0
10001368,10001064,0.286
10000593,10000291,0.1
10000442,10000291,0
10000859,10000342,0
10000685,10005294,0.167
10000435,10000970,0.125
10000173,10000931,0.836
10002005,10001345,1.081
10000812,10001353,0.67
10000209,10001154,1.847
10001085,10000569,1.048
10000485,10000613,1.069
10001184,10001353,0.831
10001130,10000622,1.187
10000439,10000189,0.833
10000955,10001345,0.692
10001010,10000622,1.292
10000437,10000189,0.941
10001090,10000569,0.983
10001222,10000622,0.984
10000870,10000328,0.715
10000731,10000569,1.653
10000405,10003259,1.31
10000954,10005288,1.275
10000445,10000986,1.505
10000389,10000622,0.975
10000771,10000567,0.875
10000455,10000189,0.988
10000357,10000886,0.817
10000953,10001345,0.509
10001314,10000886,0.562
10001365,10003322,1.636
10000453,10000931,0.975
10005308,10000189,0.812
10000769,10000567,0.853
10001123,10000622,0.688
10001280,10000189,0.649
10000859,10000328,0.807
10005480,10000569,2.278
10000266,10001154,1.428
10000217,10005913,1.238
10000638,10003322,2.142
10000084,10003325,1.142
10000911,10005913,1.285
10000314,10000367,1.857
10001170,10000372,1.386
10000089,10002046,1.125
10000499,10000613,1.222
10000213,10005913,1.444
10001371,10003322,1.435
10005498,10005288,1.056
10001049,10001353,0.9
10002013,10001353,0.91
10005384,10005288,1.06
10001129,10000622,0.939
10000529,10001353,0.686
10000542,10001353,0.6
10000777,10000328,0.681
10000352,10000886,0.5
10000040,10000981,2.333
10001182,10005913,1.292
10000600,10003325,1.738
10000691,10000986,1
10001322,10000004,1.625
10001945,10000886,1
10005377,10000986,1
10001954,10005913,1.5
10001896,10003259,1.071
10001223,10000886,1.525
10000258,10001154,0.666
10002076,10005913,0.967
10000772,10000931,0.666
10001009,10000371,0.967
10000393,10003259,1.364
10000525,10001353,0.697
10000862,10005288,0.583
10000174,10000622,0.5
10001139,10000622,0.539
10000443,10000189,0.445
10000492,10000986,0.616
10000031,10000981,0.599
10001083,10000569,0.467
10000440,10000189,0.334
10001911,10000886,0.637
10000125,10000004,0.474
10000959,10000842,1.667
10000590,10003325,0.829
10007148,10000613,0.666
10001080,10000189,0.833
10001089,10000567,1.833
10001227,10000981,0.715
10001267,10000155,1
10000530,10005288,0.875
10000733,10000986,1.025
10000540,10000981,0.775
10000344,10000886,0.705
10000689,10000372,0.55
10000498,10000986,0.555
10002087,10000328,0.697
10003232,10001345,0.744
10006088,10000886,0.6
10001088,10001303,0.582
10000073,10000613,0.417
10000045,10000004,0.417
10000343,10000886,0.417
10000994,10000004,0.599
10000854,10000613,0.539
10000534,10001353,0.421
10000918,10000613,0.437
10000598,10000101,0.478
10000350,10000886,0.412
10000635,10000367,0.388
10000395,10000981,0.518
10001094,10000569,0.612
10000435,10000981,1
10005589,10000613,0.75
10003298,10000986,0.829
10001011,10000371,0.533
10006124,10001345,1.356
10001168,10003322,0.533
10001368,10001303,0.629
10001907,10000367,0.533
10000038,10002046,0.629
10000813,10000367,0.533
10005366,10000569,0.453
10000718,10000101,0.334
10000633,10000842,0.453
10000176,10000931,0.834
10006044,10000569,0.5
10001279,10000155,0.334
10000346,10000986,0.334
10001005,10000328,0.453
10001095,10000622,0.286
10001369,10003322,0.393
10000734,10000101,0.429
10005307,10005913,0.476
10000908,10000101,0.286
10000487,10000613,0.429
10000491,10000328,0.286
10000407,10003259,0.429
10002126,10005288,0.597
10006164,10000189,0.333
10000857,10000328,0.2
10006056,10000569,0.5
10001361,10003322,0.595
10000137,10000004,0.214
10006212,10001345,0.25
10000489,10000101,0.111
10001315,10001353,0
10001971,10000101,0
10000225,10001353,0
10006927,10001345,0
10001132,10001303,0.333
10002094,10003322,0
10000493,10000372,0.25
10001918,10000613,0
10000916,10000004,0
10000041,10000981,0.111
10001038,10000886,0.167
10000600,10001065,1.146
10000217,10001161,1.188
10000442,10001065,0.816
10000533,10001187,1.398
10000771,10000519,0.735
10000590,10001065,0.607
10002005,10000426,0.901
10000769,10000519,1.176
10001009,10000001,1.36
10001320,10001187,0.628
10002076,10001161,1.074
10001325,10001187,0.543
10000489,10001191,1.279
10000529,10004421,0.933
10001168,10000184,0.99
10000540,10000432,0.64
10000955,10000426,0.536
10002013,10004421,1.25
10001000,10000001,0.947
10001043,10000193,1.085
10001089,10000519,0.87
10001282,10001335,0.57
10000534,10004421,0.961
10000525,10004421,0.844
10000258,10000746,0.66
10001313,10001187,0.589
10000593,10001065,0.375
10001170,10000193,0.369
10000312,10000202,1.857
10005377,10006172,0.962
10000219,10001065,1.115
10001361,10000184,0.842
10001954,10001161,1.139
10000406,10000001,0.686
10001371,10000184,0.569
10001011,10000001,0.769
10000395,10000432,1.833
10000453,10001335,2.381
10005716,10000805,1.667
10001267,10000249,1.213
10001356,10001290,1.155
10003208,10004421,0.91
10006662,10001065,0.762
10000266,10000746,0.715
10000723,10000202,0.69
10000996,10000426,0.6
10001185,10000193,1.088
10001365,10000184,0.774
10000353,10000426,0.345
10000684,10003206,1.333
10000041,10000432,1.571
10000735,10001290,1.071
10000954,10005290,0.858
10006561,10001290,0.819
10003298,10006172,0.956
10000435,10000432,1.455
10000719,10001065,0.666
10006046,10001161,1.333
10001357,10000805,0.964
10000494,10000519,0.606
10000990,10000001,0.969
10000689,10000193,0.969
10005834,10000001,0.857
10000213,10001161,0.6
10000493,10000193,0.533
10000770,10000519,0.376
10000911,10001161,0.535
10000953,10000426,0.297
10001309,10001187,0.53
10005307,10001161,2.171
10000737,10000805,1.1
10002093,10001161,1.762
10001132,10001290,0.833
10000081,10000202,0.666
10001369,10000184,0.833
10005306,10000193,0.572
10000601,10001290,1.089
10002094,10000184,0.873
10001087,10000432,0.708
10001862,10006172,0.708
10000031,10000432,0.708
10000405,10000805,0.708
10000682,10001290,0.633
10001274,10000249,0.889
10002054,10000746,0.444
10007200,10000746,0.444
10000498,10006172,0.533
10005741,10000193,0.7
10001227,10000432,0.432
10000492,10006172,0.432
10001212,10001065,0.417
10001368,10001290,0.536
10000542,10004421,0.445
10001182,10001161,0.429
10001179,10000193,0.388
10000584,10000001,0.266
10000779,10000519,0.41
10001279,10000249,0.277
10000393,10000805,1.5
10001184,10004421,0.334
10004784,10001065,0.334
10000407,10000805,0.5
10003133,10000746,0.5
10000638,10000184,0.542
10000598,10001191,0.5
10001047,10001187,0.393
10000173,10001335,0.286
10003204,10000001,0.286
10000734,10001191,0.476
10000718,10001191,0.25
10000691,10006172,0.25
10001964,10001290,0.425
10000733,10006172,0.222
10001966,10000249,0.222
10000780,10000519,0.377
10005299,10000001,0.237
10000084,10001065,0.192
10001088,10001290,0.403
10003232,10000426,0.154
10000123,10000184,0.167
10001261,10000249,0
10006124,10000426,0.167
10001049,10004421,0
10000445,10006172,0
10000826,10001187,0.167
10000040,10000432,0.1
10003312,10000426,0.167
10000305,10005835,0.167
10000261,10000746,0
10000674,10000432,0.071
10000489,10000469,0.614
10000635,10000276,1.702
10000908,10000469,0.573
10001281,10000469,0.929
10001216,10000276,0.844
10000900,10000469,0.839
10005661,10000469,2.339
10001168,10001031,1.285
10001130,10005787,1.806
10000860,10001350,1.35
10000954,10001350,0.421
10001365,10001031,1.95
10001129,10005787,1.667
10005363,10005327,1
10000214,10003212,1
10001361,10001031,1.125
10000718,10000469,0.744
10001052,10003212,1.214
10000684,10003212,0.522
10000675,10003212,0.444
10000679,10003212,0.633
10001319,10000276,0.55
10000632,10001350,0.334
10000638,10001031,0.308
10001907,10000276,0.533
10001961,10000469,0.533
10001123,10005787,0.733
10000485,10000602,0.453
10000448,10000276,0.334
10001971,10000469,0.334
10001371,10001031,0.293
10000678,10003212,0.455
10006568,10000469,0.416
10000734,10000469,0.413
10000353,10000250,0.222
10000870,10000895,0.87
10005530,10002077,1.681
10000859,10000895,0.959
10000353,10001243,0.871
10001314,10000151,1.734
10000857,10000895,1.333
10000539,10000335,0.5
10001313,10001072,1.133
10000176,10002077,0.883
10000173,10002077,0.606
10000073,10002091,0.81
10001371,10001629,1.333
10001091,10005234,1.021
10000450,10000151,0.879
10007148,10002091,0.526
10000530,10000012,0.666
10000499,10002091,0.573
10006046,10003284,1.931
10001094,10001305,0.888
10001911,10000151,1.25
10000908,10003360,1.102
10000045,10000506,1.155
10003277,10000694,0.955
10000689,10001203,1.2
10000350,10000151,0.872
10003298,10000335,1.053
10001282,10002077,0.857
10001038,10000151,0.786
10001322,10000506,0.856
10003122,10005234,0.607
10000633,10005234,0.669
10000177,10002077,0.585
10001050,10005234,0.852
10001223,10000151,0.833
10000485,10002091,0.512
10001123,10005232,1.833
10000343,10000151,1.1
10000918,10002091,1
10000731,10001305,0.858
10005366,10001305,1
10000217,10003284,1.583
10001279,10000694,0.762
10000121,10000506,0.788
10005363,10000694,0.702
10000734,10003360,0.75
10002087,10000895,0.69
10001918,10002091,0.568
10000496,10002091,0.498
10000129,10000506,0.516
10000690,10000895,1.75
10001090,10001305,0.9
10001182,10003284,1.7
10003192,10005234,1.171
10000453,10002077,0.666
10000258,10000843,0.833
10006354,10000506,0.666
10000856,10000895,0.666
10001047,10001072,0.666
10000534,10000095,0.929
10001966,10000694,1.833
10001954,10003284,0.833
10001170,10001203,1.089
10001010,10005232,0.75
10001325,10001072,0.744
10001323,10005315,0.633
10000491,10000895,0.473
10005589,10002091,0.829
10000487,10002091,0.368
10000165,10002077,0.333
10000137,10000506,0.174
10001267,10000694,1.5
10000455,10000060,0.567
10000304,10002058,0.533
10000542,10000095,0.533
10000213,10003284,0.533
10000909,10000335,0.533
10002126,10000012,0.334
10005480,10001305,0.334
10002013,10000095,0.334
10000860,10000012,0.953
10002076,10003284,0.786
10001179,10001203,0.821
10000533,10001072,0.286
10000598,10003360,0.222
10000854,10002091,0.222
10000772,10002077,0.222
10001354,10002077,0.4
10000646,10005234,0.45
10000489,10003360,0.258
10000777,10000895,0.297
10000125,10000506,0.297
10000529,10000095,0
10005751,10002077,0.143
10000123,10001629,0
10001274,10000694,0
10000916,10000506,0.083
10000352,10000151,0.167
10000525,10000095,0
10000959,10005234,0.273
10000911,10000096,0.892
10001368,10000066,1.034
10000859,10000421,1.055
10000870,10000421,0.644
10000539,10000330,0.77
10000954,10001337,0.748
10000718,10000970,0.979
10000041,10000071,1.286
10000731,10001150,0.786
10000176,10000850,0.702
10000682,10000066,0.575
10000453,10000850,2.083
10000485,10006438,1.286
10000165,10000850,0.609
10001279,10000977,0.485
10000857,10000421,2.321
10000856,10000421,1.038
10001050,10000007,0.848
10000034,10000071,0.739
10000031,10000071,0.921
10000173,10000850,0.827
10000530,10001337,2.404
10001918,10006438,1.543
10000455,10000786,1.077
10000633,10000007,0.829
10000681,10001150,0.8
10001971,10000970,0.579
10000777,10000421,0.588
10000177,10000850,0.445
10001313,10000556,1.555
10001309,10000556,1.102
10000690,10000421,1
10001356,10000066,1.235
10000029,10000071,0.8
10000735,10000066,0.9
10005530,10000850,0.794
10001282,10000850,0.744
10000674,10000071,0.707
10006056,10001150,1.333
10001087,10000071,0.899
10000772,10000850,0.539
10000436,10000247,0.498
10000860,10001337,0.838
10001091,10000007,0.563
10003122,10000007,1.1
10001319,10005294,0.9
10003192,10000007,1.762
10001182,10000096,0.666
10001227,10000071,1.666
10000489,10000970,0.666
10000491,10000421,0.666
10000163,10000850,0.929
10000862,10001337,0.661
10001354,10000850,0.5
10001052,10000247,0.833
10000487,10006438,0.65
10000632,10001337,0.633
10000499,10006438,0.573
10000812,10001017,0.733
10000164,10000850,0.364
10000040,10000071,0.398
10000734,10000970,0.464
10000073,10006438,1.133
10000959,10000007,0.533
10005363,10000977,0.953
10005751,10000850,0.334
10002087,10000421,0.542
10001907,10005294,0.334
10006247,10000850,0.334
10000542,10001017,0.536
10001094,10001150,0.714
10007148,10006438,0.268
10000529,10001017,0.375
10000525,10001017,0.222
10001280,10000786,0.382
10000214,10000247,0.167
10000909,10000330,0
10005597,10000247,0.333
10003328,10000556,0.167
